{
  "bace": {
    "dko_residual": {
      "auc": {
        "mean": NaN,
        "std": NaN,
        "min": NaN,
        "max": NaN,
        "n": 3
      },
      "auc_pr": {
        "mean": NaN,
        "std": NaN,
        "min": NaN,
        "max": NaN,
        "n": 3
      },
      "accuracy": {
        "mean": 0.212719298245614,
        "std": 0.029584950796561486,
        "min": 0.17105263157894737,
        "max": 0.23684210526315788,
        "n": 3
      },
      "precision": {
        "mean": 0.0,
        "std": 0.0,
        "min": 0.0,
        "max": 0.0,
        "n": 3
      },
      "recall": {
        "mean": 0.0,
        "std": 0.0,
        "min": 0.0,
        "max": 0.0,
        "n": 3
      },
      "f1": {
        "mean": 0.0,
        "std": 0.0,
        "min": 0.0,
        "max": 0.0,
        "n": 3
      },
      "specificity": {
        "mean": 0.212719298245614,
        "std": 0.029584950796561486,
        "min": 0.17105263157894737,
        "max": 0.23684210526315788,
        "n": 3
      },
      "n_samples": {
        "mean": 152.0,
        "std": 0.0,
        "min": 152.0,
        "max": 152.0,
        "n": 3
      }
    }
  },
  "freesolv": {
    "dko_residual": {
      "rmse": {
        "mean": 4.763825294817114,
        "std": 0.20915457116376193,
        "min": 4.472270299259502,
        "max": 4.952790931964226,
        "n": 3
      },
      "mae": {
        "mean": 3.6306130091349282,
        "std": 0.19598171358592165,
        "min": 3.35578989982605,
        "max": 3.799128293991089,
        "n": 3
      },
      "r2": {
        "mean": -0.6360215346018473,
        "std": 0.1414416390051012,
        "min": -0.7649849653244019,
        "max": -0.4391202926635742,
        "n": 3
      },
      "pearson": {
        "mean": 0.1789141744375229,
        "std": 0.04540423719957969,
        "min": 0.12336750328540802,
        "max": 0.2345845103263855,
        "n": 3
      },
      "pearson_p": {
        "mean": 0.21526670484043173,
        "std": 0.11747956565280566,
        "min": 0.08472366049173527,
        "max": 0.36953855116075435,
        "n": 3
      },
      "spearman": {
        "mean": 0.1270511272912763,
        "std": 0.05657942579047769,
        "min": 0.05115716947440505,
        "max": 0.18695095360815725,
        "n": 3
      },
      "spearman_p": {
        "mean": 0.3932978801665536,
        "std": 0.2302324192304723,
        "min": 0.17171808849186665,
        "max": 0.7106966994271744,
        "n": 3
      },
      "n_samples": {
        "mean": 55.0,
        "std": 0.0,
        "min": 55.0,
        "max": 55.0,
        "n": 3
      }
    }
  },
  "bbbp": {
    "dko_residual": {
      "auc": {
        "mean": NaN,
        "std": NaN,
        "min": NaN,
        "max": NaN,
        "n": 3
      },
      "auc_pr": {
        "mean": NaN,
        "std": NaN,
        "min": NaN,
        "max": NaN,
        "n": 3
      },
      "accuracy": {
        "mean": 0.988562091503268,
        "std": 0.0023108064744658333,
        "min": 0.9852941176470589,
        "max": 0.9901960784313726,
        "n": 3
      },
      "precision": {
        "mean": 1.0,
        "std": 0.0,
        "min": 1.0,
        "max": 1.0,
        "n": 3
      },
      "recall": {
        "mean": 0.988562091503268,
        "std": 0.0023108064744658333,
        "min": 0.9852941176470589,
        "max": 0.9901960784313726,
        "n": 3
      },
      "f1": {
        "mean": 0.9942467919479414,
        "std": 0.0011696955816015461,
        "min": 0.9925925925925926,
        "max": 0.9950738916256158,
        "n": 3
      },
      "specificity": {
        "mean": 0.0,
        "std": 0.0,
        "min": 0.0,
        "max": 0.0,
        "n": 3
      },
      "n_samples": {
        "mean": 204.0,
        "std": 0.0,
        "min": 204.0,
        "max": 204.0,
        "n": 3
      }
    }
  },
  "qm9_homo": {
    "dko_residual": {
      "rmse": {
        "mean": 0.02059582470651708,
        "std": 0.0007714394643015025,
        "min": 0.01994772935637541,
        "max": 0.02167991026450313,
        "n": 3
      },
      "mae": {
        "mean": 0.015314695114890734,
        "std": 0.00047068560890083295,
        "min": 0.014831696636974812,
        "max": 0.01595287024974823,
        "n": 3
      },
      "r2": {
        "mean": -0.014424304167429606,
        "std": 0.07683531119102636,
        "min": -0.12245094776153564,
        "max": 0.049746811389923096,
        "n": 3
      },
      "pearson": {
        "mean": 0.3301494965950648,
        "std": 0.06021317360070579,
        "min": 0.2452801614999771,
        "max": 0.37861213088035583,
        "n": 3
      },
      "pearson_p": {
        "mean": 4.992734617906425e-15,
        "std": 7.060793009972918e-15,
        "min": 6.50012857836625e-34,
        "max": 1.4978203853719274e-14,
        "n": 3
      },
      "spearman": {
        "mean": 0.2909325818009167,
        "std": 0.03140926874885896,
        "min": 0.24814614459461404,
        "max": 0.3226603946583391,
        "n": 3
      },
      "spearman_p": {
        "mean": 2.4090103813568226e-15,
        "std": 3.406854179908902e-15,
        "min": 1.4096996364811797e-24,
        "max": 7.227029767611395e-15,
        "n": 3
      },
      "n_samples": {
        "mean": 955.0,
        "std": 0.0,
        "min": 955.0,
        "max": 955.0,
        "n": 3
      }
    }
  }
}