{
  "esol": {
    "dko_residual": {
      "rmse": {
        "mean": 1.6976341470743328,
        "std": 0.02490804823607826,
        "min": 1.6651236862201488,
        "max": 1.7256332589587042,
        "n": 3
      },
      "mae": {
        "mean": 1.3062996069590251,
        "std": 0.019894784615978926,
        "min": 1.2812989950180054,
        "max": 1.3299771547317505,
        "n": 3
      },
      "r2": {
        "mean": 0.29389292001724243,
        "std": 0.02067572686754011,
        "min": 0.2705661654472351,
        "max": 0.3208247423171997,
        "n": 3
      },
      "pearson": {
        "mean": 0.5673290093739828,
        "std": 0.01067181635570522,
        "min": 0.554613471031189,
        "max": 0.580727219581604,
        "n": 3
      },
      "pearson_p": {
        "mean": 7.174788574338159e-11,
        "std": 5.932891272879105e-11,
        "min": 1.261819301798406e-11,
        "max": 1.5286502989212293e-10,
        "n": 3
      },
      "spearman": {
        "mean": 0.4910136290745357,
        "std": 0.03613500846172573,
        "min": 0.46490670275604995,
        "max": 0.5421121911749609,
        "n": 3
      },
      "spearman_p": {
        "mean": 1.2070318376472365e-07,
        "std": 8.52058002260774e-08,
        "min": 4.683309491716264e-10,
        "max": 1.8772913494745867e-07,
        "n": 3
      },
      "n_samples": {
        "mean": 114.0,
        "std": 0.0,
        "min": 114.0,
        "max": 114.0,
        "n": 3
      }
    }
  },
  "qm9_gap": {
    "dko_residual": {
      "rmse": {
        "mean": 0.03969655873561278,
        "std": 0.00045733579032033393,
        "min": 0.039089850447067004,
        "max": 0.040193982009628856,
        "n": 3
      },
      "mae": {
        "mean": 0.031822796911001205,
        "std": 0.0003665008709088276,
        "min": 0.0313548669219017,
        "max": 0.032249804586172104,
        "n": 3
      },
      "r2": {
        "mean": 0.36311938365300495,
        "std": 0.014643763262787175,
        "min": 0.3471449613571167,
        "max": 0.38252031803131104,
        "n": 3
      },
      "pearson": {
        "mean": 0.6191465258598328,
        "std": 0.01095925862853387,
        "min": 0.6037408113479614,
        "max": 0.6283177137374878,
        "n": 3
      },
      "pearson_p": {
        "mean": 2.1732729127620825e-96,
        "std": 3.073472021298383e-96,
        "min": 4.94313932669184e-106,
        "max": 6.519818728856505e-96,
        "n": 3
      },
      "spearman": {
        "mean": 0.6204527875511552,
        "std": 0.012323570421205025,
        "min": 0.6031787818203771,
        "max": 0.6310928197222169,
        "n": 3
      },
      "spearman_p": {
        "mean": 3.6164806582581524e-96,
        "std": 5.114475993766141e-96,
        "min": 3.115969777256229e-107,
        "max": 1.0849441973073843e-95,
        "n": 3
      },
      "n_samples": {
        "mean": 955.0,
        "std": 0.0,
        "min": 955.0,
        "max": 955.0,
        "n": 3
      }
    }
  },
  "qm9_lumo": {
    "dko_residual": {
      "rmse": {
        "mean": 0.03588117171847045,
        "std": 0.00039217860493038256,
        "min": 0.03553978998714678,
        "max": 0.03643041241227457,
        "n": 3
      },
      "mae": {
        "mean": 0.028971970081329346,
        "std": 0.0003399992936038569,
        "min": 0.028673190623521805,
        "max": 0.02944762259721756,
        "n": 3
      },
      "r2": {
        "mean": 0.4688134590784709,
        "std": 0.011651297963471,
        "min": 0.4524924159049988,
        "max": 0.4789353013038635,
        "n": 3
      },
      "pearson": {
        "mean": 0.6878302097320557,
        "std": 0.010360541070274332,
        "min": 0.6734864711761475,
        "max": 0.6975913047790527,
        "n": 3
      },
      "pearson_p": {
        "mean": 1.0868686315966156e-127,
        "std": 1.5370643591121338e-127,
        "min": 3.862461201369975e-140,
        "max": 3.2606058944933046e-127,
        "n": 3
      },
      "spearman": {
        "mean": 0.6752048784794679,
        "std": 0.013883646506373368,
        "min": 0.6557309486078213,
        "max": 0.6871116364898827,
        "n": 3
      },
      "spearman_p": {
        "mean": 6.285568846474988e-119,
        "std": 8.889136709914397e-119,
        "min": 2.3005451740025035e-134,
        "max": 1.8856706539424482e-118,
        "n": 3
      },
      "n_samples": {
        "mean": 955.0,
        "std": 0.0,
        "min": 955.0,
        "max": 955.0,
        "n": 3
      }
    }
  },
  "lipophilicity": {
    "dko_residual": {
      "rmse": {
        "mean": 1.1685417807790277,
        "std": 0.005234974146314975,
        "min": 1.1626995223084642,
        "max": 1.17540098612343,
        "n": 3
      },
      "mae": {
        "mean": 0.9304098089536031,
        "std": 0.00932129630876601,
        "min": 0.9172466397285461,
        "max": 0.9376062750816345,
        "n": 3
      },
      "r2": {
        "mean": -0.0066915154457092285,
        "std": 0.00902541997682925,
        "min": -0.018524169921875,
        "max": 0.0033695101737976074,
        "n": 3
      },
      "pearson": {
        "mean": 0.16552200416723886,
        "std": 0.006568433960741992,
        "min": 0.15798774361610413,
        "max": 0.1739947348833084,
        "n": 3
      },
      "pearson_p": {
        "mean": 0.0007364228154734002,
        "std": 0.0003351871378700685,
        "min": 0.00034023250041268296,
        "max": 0.0011599077504546443,
        "n": 3
      },
      "spearman": {
        "mean": 0.1432265271070792,
        "std": 0.011145404888202088,
        "min": 0.12769660056856452,
        "max": 0.1533251809008474,
        "n": 3
      },
      "spearman_p": {
        "mean": 0.0042244356621797124,
        "std": 0.003241839268127413,
        "min": 0.0016242261700146116,
        "max": 0.008794626906843028,
        "n": 3
      },
      "n_samples": {
        "mean": 420.0,
        "std": 0.0,
        "min": 420.0,
        "max": 420.0,
        "n": 3
      }
    }
  }
}