{
  "bace": {
    "dko": {
      "auc": {
        "mean": NaN,
        "std": NaN,
        "min": NaN,
        "max": NaN,
        "n": 3
      },
      "auc_pr": {
        "mean": NaN,
        "std": NaN,
        "min": NaN,
        "max": NaN,
        "n": 3
      },
      "accuracy": {
        "mean": 0.12499999999999999,
        "std": 0.04589572266766743,
        "min": 0.07236842105263158,
        "max": 0.18421052631578946,
        "n": 3
      },
      "precision": {
        "mean": 0.0,
        "std": 0.0,
        "min": 0.0,
        "max": 0.0,
        "n": 3
      },
      "recall": {
        "mean": 0.0,
        "std": 0.0,
        "min": 0.0,
        "max": 0.0,
        "n": 3
      },
      "f1": {
        "mean": 0.0,
        "std": 0.0,
        "min": 0.0,
        "max": 0.0,
        "n": 3
      },
      "specificity": {
        "mean": 0.12499999999999999,
        "std": 0.04589572266766743,
        "min": 0.07236842105263158,
        "max": 0.18421052631578946,
        "n": 3
      },
      "n_samples": {
        "mean": 152.0,
        "std": 0.0,
        "min": 152.0,
        "max": 152.0,
        "n": 3
      }
    },
    "dko_first_order": {
      "auc": {
        "mean": NaN,
        "std": NaN,
        "min": NaN,
        "max": NaN,
        "n": 3
      },
      "auc_pr": {
        "mean": NaN,
        "std": NaN,
        "min": NaN,
        "max": NaN,
        "n": 3
      },
      "accuracy": {
        "mean": 0.17982456140350878,
        "std": 0.015506727657599735,
        "min": 0.15789473684210525,
        "max": 0.19078947368421054,
        "n": 3
      },
      "precision": {
        "mean": 0.0,
        "std": 0.0,
        "min": 0.0,
        "max": 0.0,
        "n": 3
      },
      "recall": {
        "mean": 0.0,
        "std": 0.0,
        "min": 0.0,
        "max": 0.0,
        "n": 3
      },
      "f1": {
        "mean": 0.0,
        "std": 0.0,
        "min": 0.0,
        "max": 0.0,
        "n": 3
      },
      "specificity": {
        "mean": 0.17982456140350878,
        "std": 0.015506727657599735,
        "min": 0.15789473684210525,
        "max": 0.19078947368421054,
        "n": 3
      },
      "n_samples": {
        "mean": 152.0,
        "std": 0.0,
        "min": 152.0,
        "max": 152.0,
        "n": 3
      }
    },
    "dko_diagonal": {
      "auc": {
        "mean": NaN,
        "std": NaN,
        "min": NaN,
        "max": NaN,
        "n": 3
      },
      "auc_pr": {
        "mean": NaN,
        "std": NaN,
        "min": NaN,
        "max": NaN,
        "n": 3
      },
      "accuracy": {
        "mean": 0.17543859649122806,
        "std": 0.021709418720639615,
        "min": 0.1513157894736842,
        "max": 0.20394736842105263,
        "n": 3
      },
      "precision": {
        "mean": 0.0,
        "std": 0.0,
        "min": 0.0,
        "max": 0.0,
        "n": 3
      },
      "recall": {
        "mean": 0.0,
        "std": 0.0,
        "min": 0.0,
        "max": 0.0,
        "n": 3
      },
      "f1": {
        "mean": 0.0,
        "std": 0.0,
        "min": 0.0,
        "max": 0.0,
        "n": 3
      },
      "specificity": {
        "mean": 0.17543859649122806,
        "std": 0.021709418720639615,
        "min": 0.1513157894736842,
        "max": 0.20394736842105263,
        "n": 3
      },
      "n_samples": {
        "mean": 152.0,
        "std": 0.0,
        "min": 152.0,
        "max": 152.0,
        "n": 3
      }
    },
    "dko_separate_nets": {
      "auc": {
        "mean": NaN,
        "std": NaN,
        "min": NaN,
        "max": NaN,
        "n": 3
      },
      "auc_pr": {
        "mean": NaN,
        "std": NaN,
        "min": NaN,
        "max": NaN,
        "n": 3
      },
      "accuracy": {
        "mean": 0.10087719298245613,
        "std": 0.03282155602433282,
        "min": 0.06578947368421052,
        "max": 0.14473684210526316,
        "n": 3
      },
      "precision": {
        "mean": 0.0,
        "std": 0.0,
        "min": 0.0,
        "max": 0.0,
        "n": 3
      },
      "recall": {
        "mean": 0.0,
        "std": 0.0,
        "min": 0.0,
        "max": 0.0,
        "n": 3
      },
      "f1": {
        "mean": 0.0,
        "std": 0.0,
        "min": 0.0,
        "max": 0.0,
        "n": 3
      },
      "specificity": {
        "mean": 0.10087719298245613,
        "std": 0.03282155602433282,
        "min": 0.06578947368421052,
        "max": 0.14473684210526316,
        "n": 3
      },
      "n_samples": {
        "mean": 152.0,
        "std": 0.0,
        "min": 152.0,
        "max": 152.0,
        "n": 3
      }
    },
    "attention": {
      "auc": {
        "mean": NaN,
        "std": NaN,
        "min": NaN,
        "max": NaN,
        "n": 3
      },
      "auc_pr": {
        "mean": NaN,
        "std": NaN,
        "min": NaN,
        "max": NaN,
        "n": 3
      },
      "accuracy": {
        "mean": 0.7105263157894736,
        "std": 0.047744607581309724,
        "min": 0.6644736842105263,
        "max": 0.7763157894736842,
        "n": 3
      },
      "precision": {
        "mean": 0.0,
        "std": 0.0,
        "min": 0.0,
        "max": 0.0,
        "n": 3
      },
      "recall": {
        "mean": 0.0,
        "std": 0.0,
        "min": 0.0,
        "max": 0.0,
        "n": 3
      },
      "f1": {
        "mean": 0.0,
        "std": 0.0,
        "min": 0.0,
        "max": 0.0,
        "n": 3
      },
      "specificity": {
        "mean": 0.7105263157894736,
        "std": 0.047744607581309724,
        "min": 0.6644736842105263,
        "max": 0.7763157894736842,
        "n": 3
      },
      "n_samples": {
        "mean": 152.0,
        "std": 0.0,
        "min": 152.0,
        "max": 152.0,
        "n": 3
      }
    },
    "deepsets": {
      "auc": {
        "mean": NaN,
        "std": NaN,
        "min": NaN,
        "max": NaN,
        "n": 3
      },
      "auc_pr": {
        "mean": NaN,
        "std": NaN,
        "min": NaN,
        "max": NaN,
        "n": 3
      },
      "accuracy": {
        "mean": 0.8114035087719298,
        "std": 0.06673300023992518,
        "min": 0.7171052631578947,
        "max": 0.8618421052631579,
        "n": 3
      },
      "precision": {
        "mean": 0.0,
        "std": 0.0,
        "min": 0.0,
        "max": 0.0,
        "n": 3
      },
      "recall": {
        "mean": 0.0,
        "std": 0.0,
        "min": 0.0,
        "max": 0.0,
        "n": 3
      },
      "f1": {
        "mean": 0.0,
        "std": 0.0,
        "min": 0.0,
        "max": 0.0,
        "n": 3
      },
      "specificity": {
        "mean": 0.8114035087719298,
        "std": 0.06673300023992518,
        "min": 0.7171052631578947,
        "max": 0.8618421052631579,
        "n": 3
      },
      "n_samples": {
        "mean": 152.0,
        "std": 0.0,
        "min": 152.0,
        "max": 152.0,
        "n": 3
      }
    },
    "mean_ensemble": {
      "auc": {
        "mean": NaN,
        "std": NaN,
        "min": NaN,
        "max": NaN,
        "n": 3
      },
      "auc_pr": {
        "mean": NaN,
        "std": NaN,
        "min": NaN,
        "max": NaN,
        "n": 3
      },
      "accuracy": {
        "mean": 0.8706140350877193,
        "std": 0.04631296509197997,
        "min": 0.8092105263157895,
        "max": 0.9210526315789473,
        "n": 3
      },
      "precision": {
        "mean": 0.0,
        "std": 0.0,
        "min": 0.0,
        "max": 0.0,
        "n": 3
      },
      "recall": {
        "mean": 0.0,
        "std": 0.0,
        "min": 0.0,
        "max": 0.0,
        "n": 3
      },
      "f1": {
        "mean": 0.0,
        "std": 0.0,
        "min": 0.0,
        "max": 0.0,
        "n": 3
      },
      "specificity": {
        "mean": 0.8706140350877193,
        "std": 0.04631296509197997,
        "min": 0.8092105263157895,
        "max": 0.9210526315789473,
        "n": 3
      },
      "n_samples": {
        "mean": 152.0,
        "std": 0.0,