{
  "freesolv": {
    "dko": {
      "rmse": {
        "mean": 4.881081611116511,
        "std": 0.13971043428945257,
        "min": 4.762810348050721,
        "max": 5.077284523295219,
        "n": 3
      },
      "mae": {
        "mean": 3.95223061243693,
        "std": 0.09445141809033993,
        "min": 3.8848814964294434,
        "max": 4.085803508758545,
        "n": 3
      },
      "r2": {
        "mean": -0.71565047899882,
        "std": 0.09906508944574784,
        "min": -0.8548295497894287,
        "max": -0.6321783065795898,
        "n": 3
      },
      "pearson": {
        "mean": -0.06895073316991329,
        "std": 0.07301396290367305,
        "min": -0.1719444841146469,
        "max": -0.01106843538582325,
        "n": 3
      },
      "pearson_p": {
        "mean": 0.6694335791742975,
        "std": 0.3266746086881785,
        "min": 0.20938492291223318,
        "max": 0.9360758721035491,
        "n": 3
      },
      "spearman": {
        "mean": -0.19194160366266552,
        "std": 0.043861135092212435,
        "min": -0.25004960622503625,
        "max": -0.14409149145329606,
        "n": 3
      },
      "spearman_p": {
        "mean": 0.1812827216959277,
        "std": 0.0932399016631991,
        "min": 0.06559339342551933,
        "max": 0.2939224895038217,
        "n": 3
      },
      "n_samples": {
        "mean": 55.0,
        "std": 0.0,
        "min": 55.0,
        "max": 55.0,
        "n": 3
      }
    },
    "dko_first_order": {
      "rmse": {
        "mean": 4.51306170281786,
        "std": 0.10986253594618033,
        "min": 4.358211238942769,
        "max": 4.601471723558135,
        "n": 3
      },
      "mae": {
        "mean": 3.410639921824137,
        "std": 0.1524769700991307,
        "min": 3.1967241764068604,
        "max": 3.5411324501037598,
        "n": 3
      },
      "r2": {
        "mean": -0.46636080741882324,
        "std": 0.07075411131932086,
        "min": -0.5234721899032593,
        "max": -0.3666508197784424,
        "n": 3
      },
      "pearson": {
        "mean": 0.09614208588997523,
        "std": 0.00881158102277759,
        "min": 0.08380212634801865,
        "max": 0.10381539165973663,
        "n": 3
      },
      "pearson_p": {
        "mean": 0.4858857693018117,
        "std": 0.04074557650096074,
        "min": 0.45068510986864035,
        "max": 0.5429954420678064,
        "n": 3
      },
      "spearman": {
        "mean": 0.0868252852856616,
        "std": 0.042335207888112035,
        "min": 0.036906759077797155,
        "max": 0.14041163864202008,
        "n": 3
      },
      "spearman_p": {
        "mean": 0.5472475621113978,
        "std": 0.1969898317820379,
        "min": 0.30655423625633677,
        "max": 0.7890748115739605,
        "n": 3
      },
      "n_samples": {
        "mean": 55.0,
        "std": 0.0,
        "min": 55.0,
        "max": 55.0,
        "n": 3
      }
    },
    "dko_diagonal": {
      "rmse": {
        "mean": 4.699196349523532,
        "std": 0.05703288565046448,
        "min": 4.6469964366198955,
        "max": 4.778545736846186,
        "n": 3
      },
      "mae": {
        "mean": 3.8366626103719077,
        "std": 0.03540629234669214,
        "min": 3.7929978370666504,
        "max": 3.879718780517578,
        "n": 3
      },
      "r2": {
        "mean": -0.5891034603118896,
        "std": 0.0387093521507422,
        "min": -0.6429809331893921,
        "max": -0.5537662506103516,
        "n": 3
      },
      "pearson": {
        "mean": -0.001231522299349308,
        "std": 0.024930914624311074,
        "min": -0.03519127517938614,
        "max": 0.02395671233534813,
        "n": 3
      },
      "pearson_p": {
        "mean": 0.8724231992164394,
        "std": 0.0648122699380375,
        "min": 0.7986689715764893,
        "max": 0.9564297192570256,
        "n": 3
      },
      "spearman": {
        "mean": -0.11397923184729926,
        "std": 0.009641732157730329,
        "min": -0.12756823079090004,
        "max": -0.10621065369016112,
        "n": 3
      },
      "spearman_p": {
        "mean": 0.4084808941667613,
        "std": 0.03914443800789075,
        "min": 0.3533345588501473,
        "max": 0.44024832174680417,
        "n": 3
      },
      "n_samples": {
        "mean": 55.0,
        "std": 0.0,
        "min": 55.0,
        "max": 55.0,
        "n": 3
      }
    },
    "dko_separate_nets": {
      "rmse": {
        "mean": 4.790375725973459,
        "std": 0.13417798796661912,
        "min": 4.6920272327227925,
        "max": 4.980089216543849,
        "n": 3
      },
      "mae": {
        "mean": 3.6347723801930747,
        "std": 0.14265880808733292,
        "min": 3.476090669631958,
        "max": 3.8220131397247314,
        "n": 3
      },
      "r2": {
        "mean": -0.6524212757746378,
        "std": 0.09340992161384394,
        "min": -0.7844947576522827,
        "max": -0.5840251445770264,
        "n": 3
      },
      "pearson": {
        "mean": -0.015383855750163397,
        "std": 0.04948381635821996,
        "min": -0.06700840592384338,
        "max": 0.05134481564164162,
        "n": 3
      },
      "pearson_p": {
        "mean": 0.7205711672302385,
        "std": 0.08128471292639126,
        "min": 0.6269104167638463,
        "max": 0.825121163909204,
        "n": 3
      },
      "spearman": {
        "mean": -0.13942553429390037,
        "std": 0.058670769762385014,
        "min": -0.18402871755214398,
        "max": -0.05653264073793562,
        "n": 3
      },
      "spearman_p": {
        "mean": 0.351580593567755,
        "std": 0.2336148020149409,
        "min": 0.1786365047512803,
        "max": 0.681838548537492,
        "n": 3
      },
      "n_samples": {
        "mean": 55.0,
        "std": 0.0,
        "min": 55.0,
        "max": 55.0,
        "n": 3
      }
    },
    "attention": {
      "rmse": {
        "mean": 4.076663953804798,
        "std": 0.07078977954910066,
        "min": 3.9845959172057945,
        "max": 4.156747888558218,
        "n": 3
      },
      "mae": {
        "mean": 3.2128910223642984,
        "std": 0.19137710002449515,
        "min": 2.942544937133789,
        "max": 3.359133720397949,
        "n": 3
      },
      "r2": {
        "mean": -0.19613937536875406,
        "std": 0.04143940365101649,
        "min": -0.24322116374969482,
        "max": -0.14237737655639648,
        "n": 3
      },
      "pearson": {
        "mean": 0.20370428264141083,
        "std": 0.03442234842589749,
        "min": 0.17885315418243408,
        "max": 0.25238123536109924,
        "n": 3
      },
      "pearson_p": {
        "mean": 0.1477404212307067,
        "std": 0.05990415778791678,
        "min": 0.06303619233478726,
        "max": 0.19137993063757042,
        "n": 3
      },
      "spearman": {
        "mean": 0.1739752634664358,
        "std": 0.012369877559153497,
        "min": 0.15711528424614526,
        "max": 0.18644587577131544,
        "n": 3
      },
      "spearman_p": {
        "mean": 0.20582990163134127,
        "std": 0.03360723572827455,
        "min": 0.1728997241134473,
        "max": 0.25197447819624125,
        "n": 3
      },
      "n_samples": {
        "mean": 55.0,
        "std": 0.0,
        "min": 55.0,
        "max": 55.0,
        "n": 3
      }
    },
    "deepsets": {
      "rmse": {
        "mean": 4.277247786008712,
        "std": 0.17687236512569152,
        "min": 4.132555890544804,
        "max": 4.526296710110704,
        "n": 3
      },
      "mae": {
        "mean": 3.339519739151001,
        "std": 0.1809599890368435,
        "min": 3.1697604656219482,
        "max": 3.5902490615844727,
        "n": 3
      },
      "r2": {
        "mean": -0.31859628359476727,
        "std": 0.1103974997875253,
        "min": -0.4741004705429077,
        "max": -0.22879230976104736,
        "n": 3
      },
      "pearson": {
        "mean": 0.21319989363352457,
        "std": 0.02345097545772863,
        "min": 0.1801874339580536,