{
  "qm9_gap": {
    "dko": {
      "rmse": {
        "mean": 0.044969450087393247,
        "std": 0.00037661582241312454,
        "min": 0.04460362766056528,
        "max": 0.045487607002584515,
        "n": 3
      },
      "mae": {
        "mean": 0.03635015959541003,
        "std": 0.00031094369819114546,
        "min": 0.03600005432963371,
        "max": 0.03675564378499985,
        "n": 3
      },
      "r2": {
        "mean": 0.1827398737271627,
        "std": 0.013719031438082058,
        "min": 0.1638563871383667,
        "max": 0.1960388422012329,
        "n": 3
      },
      "pearson": {
        "mean": 0.4290679196516673,
        "std": 0.015935698667138475,
        "min": 0.40693560242652893,
        "max": 0.4438137710094452,
        "n": 3
      },
      "pearson_p": {
        "mean": 7.2289600873815196e-40,
        "std": 1.022328552041369e-39,
        "min": 2.3321417281757955e-47,
        "max": 2.168686912236173e-39,
        "n": 3
      },
      "spearman": {
        "mean": 0.4452131961938177,
        "std": 0.01674326583458152,
        "min": 0.4218422463366361,
        "max": 0.4601932808551422,
        "n": 3
      },
      "spearman_p": {
        "mean": 5.711089867567771e-43,
        "std": 8.076699870684568e-43,
        "min": 3.167641303920109e-51,
        "max": 1.713326836390689e-42,
        "n": 3
      },
      "n_samples": {
        "mean": 955.0,
        "std": 0.0,
        "min": 955.0,
        "max": 955.0,
        "n": 3
      }
    },
    "dko_first_order": {
      "rmse": {
        "mean": 0.03924040026512483,
        "std": 0.0007972840989607886,
        "min": 0.03846948928978687,
        "max": 0.040338432136602015,
        "n": 3
      },
      "mae": {
        "mean": 0.03132646592954794,
        "std": 0.0005435847083258609,
        "min": 0.030833542346954346,
        "max": 0.03208380565047264,
        "n": 3
      },
      "r2": {
        "mean": 0.37749797105789185,
        "std": 0.025426101572231644,
        "min": 0.3424440622329712,
        "max": 0.4019637703895569,
        "n": 3
      },
      "pearson": {
        "mean": 0.6213894287745158,
        "std": 0.018345996948235917,
        "min": 0.5962013602256775,
        "max": 0.6393718123435974,
        "n": 3
      },
      "pearson_p": {
        "mean": 1.8524716089447955e-93,
        "std": 2.619790473280573e-93,
        "min": 6.895853827793907e-111,
        "max": 5.557414826834011e-93,
        "n": 3
      },
      "spearman": {
        "mean": 0.6139526606512482,
        "std": 0.022568718459721897,
        "min": 0.5822771479038323,
        "max": 0.6331840873849809,
        "n": 3
      },
      "spearman_p": {
        "mean": 3.023627228529669e-88,
        "std": 4.2760546341472316e-88,
        "min": 3.8095056330172455e-108,
        "max": 9.070881685589007e-88,
        "n": 3
      },
      "n_samples": {
        "mean": 955.0,
        "std": 0.0,
        "min": 955.0,
        "max": 955.0,
        "n": 3
      }
    },
    "dko_diagonal": {
      "rmse": {
        "mean": 0.04363568181307271,
        "std": 0.0008485780696434052,
        "min": 0.04259804371286348,
        "max": 0.04467661913537743,
        "n": 3
      },
      "mae": {
        "mean": 0.03520412743091583,
        "std": 0.000803908505314272,
        "min": 0.03428177908062935,
        "max": 0.03624093905091286,
        "n": 3
      },
      "r2": {
        "mean": 0.23026291529337564,
        "std": 0.029929077826874057,
        "min": 0.19340544939041138,
        "max": 0.26671302318573,
        "n": 3
      },
      "pearson": {
        "mean": 0.47946202754974365,
        "std": 0.031059696685900164,
        "min": 0.44053900241851807,
        "max": 0.5165532231330872,
        "n": 3
      },
      "pearson_p": {
        "mean": 4.3530666816388e-47,
        "std": 6.1561659379700695e-47,
        "min": 2.942764012071958e-66,
        "max": 1.3059200043335358e-46,
        "n": 3
      },
      "spearman": {
        "mean": 0.4934906599340548,
        "std": 0.030140934376588897,
        "min": 0.4532205562309872,
        "max": 0.5257274863847494,
        "n": 3
      },
      "spearman_p": {
        "mean": 4.961186287978676e-50,
        "std": 7.016176933914846e-50,
        "min": 5.55179913500297e-69,
        "max": 1.488355886393033e-49,
        "n": 3
      },
      "n_samples": {
        "mean": 955.0,
        "std": 0.0,
        "min": 955.0,
        "max": 955.0,
        "n": 3
      }
    },
    "dko_separate_nets": {
      "rmse": {
        "mean": 0.04644835955286284,
        "std": 0.00011656318730015663,
        "min": 0.0463133683753874,
        "max": 0.04659779110106405,
        "n": 3
      },
      "mae": {
        "mean": 0.03787814825773239,
        "std": 7.84963697525191e-05,
        "min": 0.03778570145368576,
        "max": 0.03797759488224983,
        "n": 3
      },
      "r2": {
        "mean": 0.1281572381655375,
        "std": 0.004376792327633552,
        "min": 0.1225440502166748,
        "max": 0.13322293758392334,
        "n": 3
      },
      "pearson": {
        "mean": 0.36359743277231854,
        "std": 0.00910407900703166,
        "min": 0.35416170954704285,
        "max": 0.37590157985687256,
        "n": 3
      },
      "pearson_p": {
        "mean": 4.7810532528125785e-30,
        "std": 6.0615566939338194e-30,
        "min": 2.039201377569259e-33,
        "max": 1.3333714734877977e-29,
        "n": 3
      },
      "spearman": {
        "mean": 0.3789470448905325,
        "std": 0.023976945448915384,
        "min": 0.34510693114254154,
        "max": 0.3977314771914938,
        "n": 3
      },
      "spearman_p": {
        "mean": 1.4181324177128227e-28,
        "std": 2.0055420916543877e-28,
        "min": 1.495309878563684e-37,
        "max": 4.254397243640563e-28,
        "n": 3
      },
      "n_samples": {
        "mean": 955.0,
        "std": 0.0,
        "min": 955.0,
        "max": 955.0,
        "n": 3
      }
    },
    "attention": {
      "rmse": {
        "mean": 0.03641409932791103,
        "std": 0.0007162084741280641,
        "min": 0.035801452283402826,
        "max": 0.0374189424037646,
        "n": 3
      },
      "mae": {
        "mean": 0.028914539764324825,
        "std": 0.0007342633197986292,
        "min": 0.028300447389483452,
        "max": 0.029946763068437576,
        "n": 3
      },
      "r2": {
        "mean": 0.4639543294906616,
        "std": 0.021214496331150967,
        "min": 0.4341807961463928,
        "max": 0.48204028606414795,
        "n": 3
      },
      "pearson": {
        "mean": 0.6859926780064901,
        "std": 0.017118388454681138,
        "min": 0.6618216037750244,
        "max": 0.699252188205719,
        "n": 3
      },
      "pearson_p": {
        "mean": 7.24945211141717e-122,
        "std": 1.0252273495740432e-121,
        "min": 4.4518984243638154e-141,
        "max": 2.174835633425151e-121,
        "n": 3
      },
      "spearman": {
        "mean": 0.6781094511826323,
        "std": 0.01760006531625695,
        "min": 0.653712034903089,
        "max": 0.6945764151566731,
        "n": 3
      },
      "spearman_p": {
        "mean": 5.717696740183783e-118,
        "std": 8.086044275504342e-118,
        "min": 1.8784061867994517e-138,
        "max": 1.715309022055135e-117,
        "n": 3
      },
      "n_samples": {
        "mean": 955.0,
        "std": 0.0,
        "min": 955.0,
        "max": 955.0,
        "n": 3
      }
    },
    "deepsets": {
      "rmse": {
        "mean": 0.037660915258214155,
        "std": 0.0007008410916010492,
        "min": 0.03667095445735982,
        "max": 0.03819773538968382,
        "n": 3
      },
      "mae": {
        "mean": 0.029908226802945137,
        "std": 0.0013418813511465767,
        "min": 0.02801150642335415,
        "max": 0.030909569934010506,
        "n": 3
      },
      "r2": {
        "mean": 0.426640788714091,
        "std": 0.02119333089388533,
        "min": 0.41038310527801514,