{
  "esol": {
    "dko_router": {
      "rmse": {
        "mean": 1.6699686705701737,
        "std": 0.022934306576186083,
        "min": 1.6423070368647792,
        "max": 1.6984657460717962,
        "n": 3
      },
      "mae": {
        "mean": 1.2711937824885051,
        "std": 0.030636896174100092,
        "min": 1.2332537174224854,
        "max": 1.308284044265747,
        "n": 3
      },
      "r2": {
        "mean": 0.3167377511660258,
        "std": 0.018770714914573213,
        "min": 0.2933530807495117,
        "max": 0.3393102288246155,
        "n": 3
      },
      "pearson": {
        "mean": 0.5800591905911764,
        "std": 0.014007200601871106,
        "min": 0.565312385559082,
        "max": 0.5988869071006775,
        "n": 3
      },
      "pearson_p": {
        "mean": 2.6205077645107704e-11,
        "std": 2.2665627267632484e-11,
        "min": 1.9461788793330615e-12,
        "max": 5.647909542067913e-11,
        "n": 3
      },
      "spearman": {
        "mean": 0.48239645509960666,
        "std": 0.012554706429638301,
        "min": 0.46514284094295266,
        "max": 0.49465170250424245,
        "n": 3
      },
      "spearman_p": {
        "mean": 8.166647997695649e-08,
        "std": 7.315713594138267e-08,
        "min": 2.219840156991108e-08,
        "max": 1.8471907444890386e-07,
        "n": 3
      },
      "n_samples": {
        "mean": 114.0,
        "std": 0.0,
        "min": 114.0,
        "max": 114.0,
        "n": 3
      }
    }
  },
  "qm9_gap": {
    "dko_router": {
      "rmse": {
        "mean": 0.04034698434516522,
        "std": 0.00041249764025796774,
        "min": 0.0398462628408974,
        "max": 0.040856555313533785,
        "n": 3
      },
      "mae": {
        "mean": 0.03237734859188398,
        "std": 0.0003856577262704771,
        "min": 0.03204244002699852,
        "max": 0.03291759639978409,
        "n": 3
      },
      "r2": {
        "mean": 0.342096467812856,
        "std": 0.013453392997410909,
        "min": 0.32544374465942383,
        "max": 0.3583918809890747,
        "n": 3
      },
      "pearson": {
        "mean": 0.6051498651504517,
        "std": 0.005933005440901347,
        "min": 0.5969343185424805,
        "max": 0.6107339262962341,
        "n": 3
      },
      "pearson_p": {
        "mean": 9.689485206534005e-94,
        "std": 1.370177680614389e-93,
        "min": 1.0591790211583104e-98,
        "max": 2.906672377451945e-93,
        "n": 3
      },
      "spearman": {
        "mean": 0.6050231253728059,
        "std": 0.0018487683191297272,
        "min": 0.6025601681892153,
        "max": 0.6070144051758245,
        "n": 3
      },
      "spearman_p": {
        "mean": 6.8775244125209845e-96,
        "std": 8.56861292212812e-96,
        "min": 3.2899538896967487e-97,
        "max": 1.898180969633739e-95,
        "n": 3
      },
      "n_samples": {
        "mean": 955.0,
        "std": 0.0,
        "min": 955.0,
        "max": 955.0,
        "n": 3
      }
    }
  },
  "qm9_lumo": {
    "dko_router": {
      "rmse": {
        "mean": 0.0363797470254627,
        "std": 0.00028564543457906605,
        "min": 0.036044867558672214,
        "max": 0.03674284405743222,
        "n": 3
      },
      "mae": {
        "mean": 0.02905173475543658,
        "std": 0.00032912857489352405,
        "min": 0.028672635555267334,
        "max": 0.029475167393684387,
        "n": 3
      },
      "r2": {
        "mean": 0.4539806048075358,
        "std": 0.008578902530654442,
        "min": 0.4430611729621887,
        "max": 0.4640197157859802,
        "n": 3
      },
      "pearson": {
        "mean": 0.6755105455716451,
        "std": 0.005025119435423933,
        "min": 0.6689907312393188,
        "max": 0.6812192797660828,
        "n": 3
      },
      "pearson_p": {
        "mean": 2.0529973132868623e-125,
        "std": 2.9025680886616725e-125,
        "min": 3.1798507743806135e-131,
        "max": 6.157848417479051e-125,
        "n": 3
      },
      "spearman": {
        "mean": 0.6637517373621536,
        "std": 0.006521609228290912,
        "min": 0.6547418715380103,
        "max": 0.6699636614174345,
        "n": 3
      },
      "spearman_p": {
        "mean": 1.8579174846496251e-118,
        "std": 2.627484750560102e-118,
        "min": 1.9963934491373428e-125,
        "max": 5.573742053815724e-118,
        "n": 3
      },
      "n_samples": {
        "mean": 955.0,
        "std": 0.0,
        "min": 955.0,
        "max": 955.0,
        "n": 3
      }
    }
  },
  "lipophilicity": {
    "dko_router": {
      "rmse": {
        "mean": 1.1551063058277482,
        "std": 0.013427692408391213,
        "min": 1.13733847592642,
        "max": 1.169793887771758,
        "n": 3
      },
      "mae": {
        "mean": 0.930117150147756,
        "std": 0.012441387073299899,
        "min": 0.9130988121032715,
        "max": 0.9424946904182434,
        "n": 3
      },
      "r2": {
        "mean": 0.01621137062708537,
        "std": 0.02282530863004819,
        "min": -0.008829832077026367,
        "max": 0.04637271165847778,
        "n": 3
      },
      "pearson": {
        "mean": 0.22840301195780435,
        "std": 0.03719631255922733,
        "min": 0.1812845915555954,
        "max": 0.2722165882587433,
        "n": 3
      },
      "pearson_p": {
        "mean": 6.306856980574046e-05,
        "std": 8.806227340886522e-05,
        "min": 1.4315582409879822e-08,
        "max": 0.00018760412000457186,
        "n": 3
      },
      "spearman": {
        "mean": 0.1468940924439328,
        "std": 0.01486168527648819,
        "min": 0.1349979367846361,
        "max": 0.16784769073384564,
        "n": 3
      },
      "spearman_p": {
        "mean": 0.003598377709306436,
        "std": 0.002187343706898922,
        "min": 0.0005520539158925642,
        "max": 0.0055869880429275645,
        "n": 3
      },
      "n_samples": {
        "mean": 420.0,
        "std": 0.0,
        "min": 420.0,
        "max": 420.0,
        "n": 3
      }
    }
  }
}