{
  "bace": {
    "dko_lowrank": {
      "auc": {
        "mean": NaN,
        "std": NaN,
        "min": NaN,
        "max": NaN,
        "n": 3
      },
      "auc_pr": {
        "mean": NaN,
        "std": NaN,
        "min": NaN,
        "max": NaN,
        "n": 3
      },
      "accuracy": {
        "mean": 0.24342105263157895,
        "std": 0.010743376064838512,
        "min": 0.23026315789473684,
        "max": 0.2565789473684211,
        "n": 3
      },
      "precision": {
        "mean": 0.0,
        "std": 0.0,
        "min": 0.0,
        "max": 0.0,
        "n": 3
      },
      "recall": {
        "mean": 0.0,
        "std": 0.0,
        "min": 0.0,
        "max": 0.0,
        "n": 3
      },
      "f1": {
        "mean": 0.0,
        "std": 0.0,
        "min": 0.0,
        "max": 0.0,
        "n": 3
      },
      "specificity": {
        "mean": 0.24342105263157895,
        "std": 0.010743376064838512,
        "min": 0.23026315789473684,
        "max": 0.2565789473684211,
        "n": 3
      },
      "n_samples": {
        "mean": 152.0,
        "std": 0.0,
        "min": 152.0,
        "max": 152.0,
        "n": 3
      }
    }
  },
  "freesolv": {
    "dko_lowrank": {
      "rmse": {
        "mean": 4.384179987974483,
        "std": 0.12594076532595289,
        "min": 4.290012497605836,
        "max": 4.562187288619935,
        "n": 3
      },
      "mae": {
        "mean": 3.3885085582733154,
        "std": 0.06542822101105061,
        "min": 3.332723617553711,
        "max": 3.480333089828491,
        "n": 3
      },
      "r2": {
        "mean": -0.38412725925445557,
        "std": 0.0802587310947416,
        "min": -0.4975703954696655,
        "max": -0.32421398162841797,
        "n": 3
      },
      "pearson": {
        "mean": 0.13765133917331696,
        "std": 0.04072634718500493,
        "min": 0.08882325887680054,
        "max": 0.1885194331407547,
        "n": 3
      },
      "pearson_p": {
        "mean": 0.3368806548984599,
        "std": 0.1435725153221219,
        "min": 0.16808594721274786,
        "max": 0.519006513932241,
        "n": 3
      },
      "spearman": {
        "mean": 0.07962191327927498,
        "std": 0.0346054238361616,
        "min": 0.04581777519922031,
        "max": 0.12717138391909574,
        "n": 3
      },
      "spearman_p": {
        "mean": 0.5757892686773718,
        "std": 0.16222329150138007,
        "min": 0.3548464366220154,
        "max": 0.7397657609205974,
        "n": 3
      },
      "n_samples": {
        "mean": 55.0,
        "std": 0.0,
        "min": 55.0,
        "max": 55.0,
        "n": 3
      }
    }
  },
  "bbbp": {
    "dko_lowrank": {
      "auc": {
        "mean": NaN,
        "std": NaN,
        "min": NaN,
        "max": NaN,
        "n": 3
      },
      "auc_pr": {
        "mean": NaN,
        "std": NaN,
        "min": NaN,
        "max": NaN,
        "n": 3
      },
      "accuracy": {
        "mean": 0.8284313725490197,
        "std": 0.02079725827019255,
        "min": 0.8137254901960784,
        "max": 0.8578431372549019,
        "n": 3
      },
      "precision": {
        "mean": 1.0,
        "std": 0.0,
        "min": 1.0,
        "max": 1.0,
        "n": 3
      },
      "recall": {
        "mean": 0.8284313725490197,
        "std": 0.02079725827019255,
        "min": 0.8137254901960784,
        "max": 0.8578431372549019,
        "n": 3
      },
      "f1": {
        "mean": 0.9060258147329389,
        "std": 0.012343987736894154,
        "min": 0.8972972972972973,
        "max": 0.9234828496042217,
        "n": 3
      },
      "specificity": {
        "mean": 0.0,
        "std": 0.0,
        "min": 0.0,
        "max": 0.0,
        "n": 3
      },
      "n_samples": {
        "mean": 204.0,
        "std": 0.0,
        "min": 204.0,
        "max": 204.0,
        "n": 3
      }
    }
  },
  "qm9_homo": {
    "dko_lowrank": {
      "rmse": {
        "mean": 0.020889039685871514,
        "std": 0.0005267643967092245,
        "min": 0.020320178005581162,
        "max": 0.02159002590766909,
        "n": 3
      },
      "mae": {
        "mean": 0.015684119736154873,
        "std": 0.00044407345475319584,
        "min": 0.01515377126634121,
        "max": 0.01624058373272419,
        "n": 3
      },
      "r2": {
        "mean": -0.04271457592646281,
        "std": 0.05279582352624634,
        "min": -0.11316299438476562,
        "max": 0.013930737972259521,
        "n": 3
      },
      "pearson": {
        "mean": 0.3082176198561986,
        "std": 0.05457251809913191,
        "min": 0.23225165903568268,
        "max": 0.35799548029899597,
        "n": 3
      },
      "pearson_p": {
        "mean": 1.2207601073942025e-13,
        "std": 1.7264155002807612e-13,
        "min": 2.97376025084756e-30,
        "max": 3.6622803221823866e-13,
        "n": 3
      },
      "spearman": {
        "mean": 0.2221481276280793,
        "std": 0.022573397985245817,
        "min": 0.19034202688793336,
        "max": 0.24042107497507254,
        "n": 3
      },
      "spearman_p": {
        "mean": 1.017673120535e-09,
        "std": 1.4390577575314138e-09,
        "min": 5.0450989737098075e-14,
        "max": 3.052808117277036e-09,
        "n": 3
      },
      "n_samples": {
        "mean": 955.0,
        "std": 0.0,
        "min": 955.0,
        "max": 955.0,
        "n": 3
      }
    }
  }
}