{
  "results": {
    "esol": {
      "dko_gated": {
        "rmse_mean": 1.6541392527242529,
        "rmse_std": 0.032380297386870795,
        "n": 10,
        "values": [
          1.6404595427868331,
          1.6034742157174156,
          1.6596749359729825,
          1.7055062961333542,
          1.680757190843866,
          1.6844569425166755,
          1.6154962071451275,
          1.6315749739904548,
          1.686099990495225,
          1.6338922316405935
        ]
      },
      "attention": {
        "rmse_mean": 1.8809810933517745,
        "rmse_std": 0.027144621537815924,
        "n": 10,
        "values": [
          1.9032832964629434,
          1.9250723441265394,
          1.8835018051661343,
          1.852785374620919,
          1.884866946960809,
          1.8504954937496323,
          1.8983724449533872,
          1.8471951383104608,
          1.9115682738352422,
          1.8526698153316778
        ]
      },
      "dko_invariants": {
        "rmse_mean": 1.7649286278374323,
        "rmse_std": 0.050270988552898604,
        "n": 10,
        "values": [
          1.8190902732481289,
          1.8154295561709877,
          1.7871967565300453,
          1.7087225664416013,
          1.7360666633850201,
          1.739884432320029,
          1.8563836020738564,
          1.7153979820041232,
          1.768191742161562,
          1.7029227040389698
        ]
      }
    },
    "lipophilicity": {
      "dko_gated": {
        "rmse_mean": 1.1638995299414752,
        "rmse_std": 0.021544875862254564,
        "n": 10,
        "values": [
          1.152555646649372,
          1.163153940257904,
          1.181662264539072,
          1.1389084532589901,
          1.1594982400463807,
          1.1724465565813866,
          1.1571240601030472,
          1.21659763719529,
          1.1389250432972193,
          1.1581234574860924
        ]
      },
      "attention": {
        "rmse_mean": 1.1403504814968994,
        "rmse_std": 0.005532836986861854,
        "n": 10,
        "values": [
          1.1409390683399747,
          1.1475242045390814,
          1.1352470282889766,
          1.1430368920727818,
          1.1415512295763666,
          1.148564286272485,
          1.1286629807396458,
          1.142175117561237,
          1.1382386314147763,
          1.1375653761636677
        ]
      },
      "dko_invariants": {
        "rmse_mean": 1.1396432083504076,
        "rmse_std": 0.007689319582577379,
        "n": 10,
        "values": [
          1.1296270900418675,
          1.1223754467923455,
          1.1410872685377509,
          1.1448811071211955,
          1.1465662548453897,
          1.1489458580873073,
          1.1395184100322242,
          1.1427288249475585,
          1.1433701077118132,
          1.1373317153866236
        ]
      }
    }
  },
  "statistics": {}
}