{
  "bde": {
    "dko_gated": {
      "rmse": {
        "mean": 25.065971290536975,
        "std": 0.06283058609553942,
        "min": 24.98044767639846,
        "max": 25.12960909799372,
        "n": 3
      },
      "mae": {
        "mean": 20.898462931315105,
        "std": 0.05412891615609338,
        "min": 20.826040267944336,
        "max": 20.956148147583008,
        "n": 3
      },
      "r2": {
        "mean": -0.14164920647939047,
        "std": 0.00571987593613692,
        "min": -0.14744627475738525,
        "max": -0.1338648796081543,
        "n": 3
      },
      "pearson": {
        "mean": 0.12048617005348206,
        "std": 0.002542661586656556,
        "min": 0.1176123172044754,
        "max": 0.12379483878612518,
        "n": 3
      },
      "pearson_p": {
        "mean": 3.455446093782171e-05,
        "std": 1.2390838021753616e-05,
        "min": 1.940460527960256e-05,
        "max": 4.975570540560729e-05,
        "n": 3
      },
      "spearman": {
        "mean": 0.10274321529907565,
        "std": 0.005657336307176773,
        "min": 0.09556885686824955,
        "max": 0.10939708930991204,
        "n": 3
      },
      "spearman_p": {
        "mean": 0.0005091299648985083,
        "std": 0.0003526849380672308,
        "min": 0.0001621870775522468,
        "max": 0.0009929286116961945,
        "n": 3
      },
      "n_samples": {
        "mean": 1184.0,
        "std": 0.0,
        "min": 1184.0,
        "max": 1184.0,
        "n": 3
      }
    }
  }
}