{
  "freesolv": {
    "dko_invariants": {
      "rmse": {
        "mean": 4.819365825920998,
        "std": 0.11460195836672853,
        "min": 4.657553266383458,
        "max": 4.908205262322953,
        "n": 3
      },
      "mae": {
        "mean": 3.664800008138021,
        "std": 0.1099687768203058,
        "min": 3.515169382095337,
        "max": 3.7763264179229736,
        "n": 3
      },
      "r2": {
        "mean": -0.6721157232920328,
        "std": 0.07882056548828975,
        "min": -0.7333507537841797,
        "max": -0.5608339309692383,
        "n": 3
      },
      "pearson": {
        "mean": 0.10172459483146667,
        "std": 0.015830534498106327,
        "min": 0.0795174092054367,
        "max": 0.1152857095003128,
        "n": 3
      },
      "pearson_p": {
        "mean": 0.4627589844160853,
        "std": 0.07199201049354861,
        "min": 0.40194994875480605,
        "max": 0.5638810407277395,
        "n": 3
      },
      "spearman": {
        "mean": 0.13962997056119344,
        "std": 0.019289290555854828,
        "min": 0.11281274255745036,
        "max": 0.15736782316456616,
        "n": 3
      },
      "spearman_p": {
        "mean": 0.31398333042536375,
        "std": 0.07033410224067861,
        "min": 0.25120339756526616,
        "max": 0.4121890055590144,
        "n": 3
      },
      "n_samples": {
        "mean": 55.0,
        "std": 0.0,
        "min": 55.0,
        "max": 55.0,
        "n": 3
      }
    }
  },
  "bbbp": {
    "dko_invariants": {
      "auc": {
        "mean": NaN,
        "std": NaN,
        "min": NaN,
        "max": NaN,
        "n": 3
      },
      "auc_pr": {
        "mean": NaN,
        "std": NaN,
        "min": NaN,
        "max": NaN,
        "n": 3
      },
      "accuracy": {
        "mean": 0.9820261437908497,
        "std": 0.006113819259434572,
        "min": 0.9754901960784313,
        "max": 0.9901960784313726,
        "n": 3
      },
      "precision": {
        "mean": 1.0,
        "std": 0.0,
        "min": 1.0,
        "max": 1.0,
        "n": 3
      },
      "recall": {
        "mean": 0.9820261437908497,
        "std": 0.006113819259434572,
        "min": 0.9754901960784313,
        "max": 0.9901960784313726,
        "n": 3
      },
      "f1": {
        "mean": 0.9909219845452624,
        "std": 0.003108987554011623,
        "min": 0.9875930521091811,
        "max": 0.9950738916256158,
        "n": 3
      },
      "specificity": {
        "mean": 0.0,
        "std": 0.0,
        "min": 0.0,
        "max": 0.0,
        "n": 3
      },
      "n_samples": {
        "mean": 204.0,
        "std": 0.0,
        "min": 204.0,
        "max": 204.0,
        "n": 3
      }
    }
  },
  "qm9_homo": {
    "dko_invariants": {
      "rmse": {
        "mean": 0.020084320586626143,
        "std": 0.0005045223644322767,
        "min": 0.019610519777086288,
        "max": 0.020783226206710827,
        "n": 3
      },
      "mae": {
        "mean": 0.015184422954916954,
        "std": 0.00044459502907100504,
        "min": 0.014794956892728806,
        "max": 0.01580663025379181,
        "n": 3
      },
      "r2": {
        "mean": 0.03608071804046631,
        "std": 0.048750655127068415,
        "min": -0.03152167797088623,
        "max": 0.08160269260406494,
        "n": 3
      },
      "pearson": {
        "mean": 0.38104304671287537,
        "std": 0.03593641343940349,
        "min": 0.33031731843948364,
        "max": 0.4091103672981262,
        "n": 3
      },
      "pearson_p": {
        "mean": 3.190687334387415e-26,
        "std": 4.512313301581996e-26,
        "min": 7.821688293634774e-40,
        "max": 9.572062003161192e-26,
        "n": 3
      },
      "spearman": {
        "mean": 0.2883547793956874,
        "std": 0.03556541626916923,
        "min": 0.239751545886871,
        "max": 0.3238654336183412,
        "n": 3
      },
      "spearman_p": {
        "mean": 1.983891018305193e-14,
        "std": 2.8056454686048168e-14,
        "min": 9.27895431856765e-25,
        "max": 5.951672891216742e-14,
        "n": 3
      },
      "n_samples": {
        "mean": 955.0,
        "std": 0.0,
        "min": 955.0,
        "max": 955.0,
        "n": 3
      }
    }
  }
}