{
  "drugs_ip": {
    "dko_first_order": {
      "rmse": {
        "mean": 0.9035347228409183,
        "std": 0.004114564111056235,
        "min": 0.8991422791365953,
        "max": 0.9090361353780861,
        "n": 3
      },
      "mae": {
        "mean": 0.7132927378018697,
        "std": 0.004595209416841027,
        "min": 0.7086021900177002,
        "max": 0.7195332646369934,
        "n": 3
      },
      "r2": {
        "mean": 0.07839592297871907,
        "std": 0.008400893389389402,
        "min": 0.06715822219848633,
        "max": 0.0873536467552185,
        "n": 3
      },
      "pearson": {
        "mean": 0.30467891693115234,
        "std": 0.009324170014178783,
        "min": 0.293056458234787,
        "max": 0.3158845007419586,
        "n": 3
      },
      "pearson_p": {
        "mean": 1.0359397789657763e-295,
        "std": 0.0,
        "min": 0.0,
        "max": 3.1078193368973288e-295,
        "n": 3
      },
      "spearman": {
        "mean": 0.2846364954438634,
        "std": 0.009082767991979906,
        "min": 0.2744138203472169,
        "max": 0.29648338768319055,
        "n": 3
      },
      "spearman_p": {
        "mean": 3.722074688918003e-258,
        "std": 0.0,
        "min": 1.8687671187661992e-302,
        "max": 1.116622406675401e-257,
        "n": 3
      },
      "n_samples": {
        "mean": 15021.0,
        "std": 0.0,
        "min": 15021.0,
        "max": 15021.0,
        "n": 3
      }
    }
  },
  "drugs_ea": {
    "dko_first_order": {
      "rmse": {
        "mean": 0.8683558835204881,
        "std": 0.0019555461019557046,
        "min": 0.8661223390978507,
        "max": 0.8708849943312192,
        "n": 3
      },
      "mae": {
        "mean": 0.6855920950571696,
        "std": 0.002285807211432127,
        "min": 0.6833339333534241,
        "max": 0.6887243986129761,
        "n": 3
      },
      "r2": {
        "mean": 0.05294400453567505,
        "std": 0.004266572531193062,
        "min": 0.04742419719696045,
        "max": 0.05781441926956177,
        "n": 3
      },
      "pearson": {
        "mean": 0.26762788494427997,
        "std": 0.010319556546240644,
        "min": 0.2573055624961853,
        "max": 0.28172364830970764,
        "n": 3
      },
      "pearson_p": {
        "mean": 3.3533095957960824e-226,
        "std": 0.0,
        "min": 4.645911069249481e-272,
        "max": 1.0059928787377035e-225,
        "n": 3
      },
      "spearman": {
        "mean": 0.2615965096052222,
        "std": 0.010135148815879505,
        "min": 0.2506477747268027,
        "max": 0.27508185486874254,
        "n": 3
      },
      "spearman_p": {
        "mean": 2.1228380332649114e-214,
        "std": 0.0,
        "min": 5.648398252517677e-259,
        "max": 6.368514099794728e-214,
        "n": 3
      },
      "n_samples": {
        "mean": 15021.0,
        "std": 0.0,
        "min": 15021.0,
        "max": 15021.0,
        "n": 3
      }
    }
  },
  "drugs_chi": {
    "dko_first_order": {
      "rmse": {
        "mean": 0.5314788384172543,
        "std": 0.003227172765412043,
        "min": 0.5276411842497537,
        "max": 0.5355368882464719,
        "n": 3
      },
      "mae": {
        "mean": 0.418582022190094,
        "std": 0.00247617214591086,
        "min": 0.4159930944442749,
        "max": 0.4219186007976532,
        "n": 3
      },
      "r2": {
        "mean": 0.20142847299575806,
        "std": 0.009700593520035465,
        "min": 0.18921703100204468,
        "max": 0.21294832229614258,
        "n": 3
      },
      "pearson": {
        "mean": 0.4753167728583018,
        "std": 0.012363239067197187,
        "min": 0.46649688482284546,
        "max": 0.4928008019924164,
        "n": 3
      },
      "pearson_p": {
        "mean": 0.0,
        "std": 0.0,
        "min": 0.0,
        "max": 0.0,
        "n": 3
      },
      "spearman": {
        "mean": 0.46229151854315537,
        "std": 0.009780175248065983,
        "min": 0.45390438020457835,
        "max": 0.47600977535517014,
        "n": 3
      },
      "spearman_p": {
        "mean": 0.0,
        "std": 0.0,
        "min": 0.0,
        "max": 0.0,
        "n": 3
      },
      "n_samples": {
        "mean": 15021.0,
        "std": 0.0,
        "min": 15021.0,
        "max": 15021.0,
        "n": 3
      }
    }
  }
}