{
  "bde": {
    "dko_invariants": {
      "rmse": {
        "mean": 24.618943284869705,
        "std": 0.026648633176338733,
        "min": 24.59740656386296,
        "max": 24.65649506769844,
        "n": 3
      },
      "mae": {
        "mean": 20.631062189737957,
        "std": 0.07683623447745593,
        "min": 20.522451400756836,
        "max": 20.68828010559082,
        "n": 3
      },
      "r2": {
        "mean": -0.10128617286682129,
        "std": 0.0023850219114782173,
        "min": -0.10464704036712646,
        "max": -0.09935891628265381,
        "n": 3
      },
      "pearson": {
        "mean": 0.13234654068946838,
        "std": 0.0077854083685309616,
        "min": 0.12144003808498383,
        "max": 0.13910555839538574,
        "n": 3
      },
      "pearson_p": {
        "mean": 1.063472429417048e-05,
        "std": 1.2230574340248297e-05,
        "min": 1.5486963422778683e-06,
        "max": 2.7923855132972693e-05,
        "n": 3
      },
      "spearman": {
        "mean": 0.11501357323364808,
        "std": 0.0055643731573942696,
        "min": 0.10723154617885461,
        "max": 0.11991622609447428,
        "n": 3
      },
      "spearman_p": {
        "mean": 0.00010050186667936062,
        "std": 8.364136756365545e-05,
        "min": 3.521662321747494e-05,
        "max": 0.00021856811097145166,
        "n": 3
      },
      "n_samples": {
        "mean": 1184.0,
        "std": 0.0,
        "min": 1184.0,
        "max": 1184.0,
        "n": 3
      }
    }
  }
}