{
  "kraken_B5": {
    "dko_residual": {
      "rmse": {
        "mean": 1.1772301221778898,
        "std": 0.04587390993218526,
        "min": 1.1147043869497573,
        "max": 1.2234770728248103,
        "n": 3
      },
      "mae": {
        "mean": 0.894693911075592,
        "std": 0.02901388484850287,
        "min": 0.8550676107406616,
        "max": 0.9237279891967773,
        "n": 3
      },
      "r2": {
        "mean": 0.1430269479751587,
        "std": 0.06605702228678649,
        "min": 0.07577621936798096,
        "max": 0.23280656337738037,
        "n": 3
      },
      "pearson": {
        "mean": 0.5078240931034088,
        "std": 0.03801573141666512,
        "min": 0.46693581342697144,
        "max": 0.5584990978240967,
        "n": 3
      },
      "pearson_p": {
        "mean": 2.798542889407021e-10,
        "std": 3.698415003154033e-10,
        "min": 3.569843377147446e-14,
        "max": 8.024517997670521e-10,
        "n": 3
      },
      "spearman": {
        "mean": 0.5231919214952768,
        "std": 0.031103824583676814,
        "min": 0.48839752809343934,
        "max": 0.5638954370056265,
        "n": 3
      },
      "spearman_p": {
        "mean": 3.4709461377436324e-11,
        "std": 4.578446864798282e-11,
        "min": 1.7904709015516533e-14,
        "max": 9.940181589206862e-11,
        "n": 3
      },
      "n_samples": {
        "mean": 156.0,
        "std": 0.0,
        "min": 156.0,
        "max": 156.0,
        "n": 3
      }
    }
  },
  "kraken_L": {
    "dko_residual": {
      "rmse": {
        "mean": 1.4063001942974838,
        "std": 0.01897737647437772,
        "min": 1.3803628463147894,
        "max": 1.425239773705421,
        "n": 3
      },
      "mae": {
        "mean": 1.0236437320709229,
        "std": 0.003938268902706592,
        "min": 1.0193102359771729,
        "max": 1.02884042263031,
        "n": 3
      },
      "r2": {
        "mean": -0.05103278160095215,
        "std": 0.0282651364431627,
        "min": -0.07933676242828369,
        "max": -0.012436151504516602,
        "n": 3
      },
      "pearson": {
        "mean": 0.2986712654431661,
        "std": 0.019802714931746585,
        "min": 0.2799619436264038,
        "max": 0.3260728716850281,
        "n": 3
      },
      "pearson_p": {
        "mean": 0.00022468446051096688,
        "std": 0.00015065608520672993,
        "min": 3.267018964939698e-05,
        "max": 0.0004006526730596281,
        "n": 3
      },
      "spearman": {
        "mean": 0.3395019406290922,
        "std": 0.015157732362450235,
        "min": 0.32646023126154866,
        "max": 0.36075611259502766,
        "n": 3
      },
      "spearman_p": {
        "mean": 1.98687851930565e-05,
        "std": 1.187350562722674e-05,
        "min": 3.7214346053373395e-06,
        "max": 3.19321353568324e-05,
        "n": 3
      },
      "n_samples": {
        "mean": 156.0,
        "std": 0.0,
        "min": 156.0,
        "max": 156.0,
        "n": 3
      }
    }
  },
  "kraken_burB5": {
    "dko_residual": {
      "rmse": {
        "mean": 0.6767569008482766,
        "std": 0.008409697718810807,
        "min": 0.6678894620540113,
        "max": 0.6880543597877525,
        "n": 3
      },
      "mae": {
        "mean": 0.5126168727874756,
        "std": 0.010745416609954778,
        "min": 0.49886268377304077,
        "max": 0.5250897407531738,
        "n": 3
      },
      "r2": {
        "mean": 0.029294689496358235,
        "std": 0.024182627855064868,
        "min": -0.003229856491088867,
        "max": 0.054711997509002686,
        "n": 3
      },
      "pearson": {
        "mean": 0.48433079322179157,
        "std": 0.022338927603436167,
        "min": 0.4527718424797058,
        "max": 0.5013616681098938,
        "n": 3
      },
      "pearson_p": {
        "mean": 1.002819421089586e-09,
        "std": 1.3756119054396714e-09,
        "min": 2.619743305234271e-11,
        "max": 2.948223168141686e-09,
        "n": 3
      },
      "spearman": {
        "mean": 0.4897296207902815,
        "std": 0.024558529522579583,
        "min": 0.4561161164801384,
        "max": 0.5141048142948723,
        "n": 3
      },
      "spearman_p": {
        "mean": 7.400891507931135e-10,
        "std": 1.0181837750903383e-09,
        "min": 6.6799857250984115e-12,
        "max": 2.179934240078915e-09,
        "n": 3
      },
      "n_samples": {
        "mean": 156.0,
        "std": 0.0,
        "min": 156.0,
        "max": 156.0,
        "n": 3
      }
    }
  },
  "kraken_burL": {
    "dko_residual": {
      "rmse": {
        "mean": 0.4381566063143392,
        "std": 0.0017842447162499308,
        "min": 0.4368418613848462,
        "max": 0.44067915387514994,
        "n": 3
      },
      "mae": {
        "mean": 0.3359691301981608,
        "std": 0.005939540185429351,
        "min": 0.3295195698738098,
        "max": 0.3438543379306793,
        "n": 3
      },
      "r2": {
        "mean": -0.3062592347462972,
        "std": 0.01065369860229821,
        "min": -0.32132136821746826,
        "max": -0.2984102964401245,
        "n": 3
      },
      "pearson": {
        "mean": 0.34848836064338684,
        "std": 0.02921420985807845,
        "min": 0.31409913301467896,
        "max": 0.3855132758617401,
        "n": 3
      },
      "pearson_p": {
        "mean": 2.5220114535815994e-05,
        "std": 2.8527280106591882e-05,
        "min": 6.702077839393706e-07,
        "max": 6.522023922367863e-05,
        "n": 3
      },
      "spearman": {
        "mean": 0.21091004963428509,
        "std": 0.026695497831610654,
        "min": 0.17328688747502444,
        "max": 0.2324322871970901,
        "n": 3
      },
      "spearman_p": {
        "mean": 0.012797029071229676,
        "std": 0.012533605859297248,
        "min": 0.003502249802723987,
        "max": 0.030515081371033686,
        "n": 3
      },
      "n_samples": {
        "mean": 156.0,
        "std": 0.0,
        "min": 156.0,
        "max": 156.0,
        "n": 3
      }
    }
  }
}