{
  "drugs_ip": {
    "attention": {
      "rmse": {
        "mean": 0.8487362935820472,
        "std": 0.001224505019021048,
        "min": 0.847444956238225,
        "max": 0.8503811893106122,
        "n": 3
      },
      "mae": {
        "mean": 0.6632552941640218,
        "std": 0.0005847895108639695,
        "min": 0.6626175045967102,
        "max": 0.664030134677887,
        "n": 3
      },
      "r2": {
        "mean": 0.18680981794993082,
        "std": 0.002347132434048435,
        "min": 0.1836564540863037,
        "max": 0.18928414583206177,
        "n": 3
      },
      "pearson": {
        "mean": 0.43342851599057514,
        "std": 0.0020213341861932007,
        "min": 0.4305926561355591,
        "max": 0.4351580739021301,
        "n": 3
      },
      "pearson_p": {
        "mean": 0.0,
        "std": 0.0,
        "min": 0.0,
        "max": 0.0,
        "n": 3
      },
      "spearman": {
        "mean": 0.42525626270005,
        "std": 0.0017242981475475325,
        "min": 0.42298720477879787,
        "max": 0.4271643149408403,
        "n": 3
      },
      "spearman_p": {
        "mean": 0.0,
        "std": 0.0,
        "min": 0.0,
        "max": 0.0,
        "n": 3
      },
      "n_samples": {
        "mean": 15021.0,
        "std": 0.0,
        "min": 15021.0,
        "max": 15021.0,
        "n": 3
      }
    }
  },
  "drugs_ea": {
    "attention": {
      "rmse": {
        "mean": 0.7742529988731285,
        "std": 9.145245292141865e-05,
        "min": 0.7741484793944917,
        "max": 0.7743712289516694,
        "n": 3
      },
      "mae": {
        "mean": 0.6067838271458944,
        "std": 0.001806909859349542,
        "min": 0.6053587198257446,
        "max": 0.6093332767486572,
        "n": 3
      },
      "r2": {
        "mean": 0.2470888098080953,
        "std": 0.0001778352387695703,
        "min": 0.2468588948249817,
        "max": 0.24729204177856445,
        "n": 3
      },
      "pearson": {
        "mean": 0.49996429681777954,
        "std": 0.0007705243011791566,
        "min": 0.4988762140274048,
        "max": 0.5005595088005066,
        "n": 3
      },
      "pearson_p": {
        "mean": 0.0,
        "std": 0.0,
        "min": 0.0,
        "max": 0.0,
        "n": 3
      },
      "spearman": {
        "mean": 0.49090748140874313,
        "std": 0.00011388091435917339,
        "min": 0.4907469116136236,
        "max": 0.4909985505380499,
        "n": 3
      },
      "spearman_p": {
        "mean": 0.0,
        "std": 0.0,
        "min": 0.0,
        "max": 0.0,
        "n": 3
      },
      "n_samples": {
        "mean": 15021.0,
        "std": 0.0,
        "min": 15021.0,
        "max": 15021.0,
        "n": 3
      }
    }
  },
  "drugs_chi": {
    "attention": {
      "rmse": {
        "mean": 0.4350560857550685,
        "std": 0.003343288428087521,
        "min": 0.43081849112606874,
        "max": 0.43899104938636874,
        "n": 3
      },
      "mae": {
        "mean": 0.339141050974528,
        "std": 0.0022234968304596196,
        "min": 0.33661603927612305,
        "max": 0.34202656149864197,
        "n": 3
      },
      "r2": {
        "mean": 0.46489129463831586,
        "std": 0.008219591214220473,
        "min": 0.4551998972892761,
        "max": 0.4752957820892334,
        "n": 3
      },
      "pearson": {
        "mean": 0.6841374635696411,
        "std": 0.0064048676559013,
        "min": 0.6773746609687805,
        "max": 0.6927372813224792,
        "n": 3
      },
      "pearson_p": {
        "mean": 0.0,
        "std": 0.0,
        "min": 0.0,
        "max": 0.0,
        "n": 3
      },
      "spearman": {
        "mean": 0.6833775155702976,
        "std": 0.005975703715791922,
        "min": 0.676654084167706,
        "max": 0.6911732086034454,
        "n": 3
      },
      "spearman_p": {
        "mean": 0.0,
        "std": 0.0,
        "min": 0.0,
        "max": 0.0,
        "n": 3
      },
      "n_samples": {
        "mean": 15021.0,
        "std": 0.0,
        "min": 15021.0,
        "max": 15021.0,
        "n": 3
      }
    }
  }
}