{
  "qm9_lumo": {
    "dko": {
      "rmse": {
        "mean": 0.04396484876568818,
        "std": 0.00013619475726376538,
        "min": 0.04377884329127532,
        "max": 0.044101152663104694,
        "n": 3
      },
      "mae": {
        "mean": 0.03580181300640106,
        "std": 0.00017547204687727057,
        "min": 0.035660937428474426,
        "max": 0.03604917228221893,
        "n": 3
      },
      "r2": {
        "mean": 0.20259809494018555,
        "std": 0.004936534807200636,
        "min": 0.19765377044677734,
        "max": 0.20933866500854492,
        "n": 3
      },
      "pearson": {
        "mean": 0.45256831248601276,
        "std": 0.00613831005969715,
        "min": 0.4462449848651886,
        "max": 0.46088069677352905,
        "n": 3
      },
      "pearson_p": {
        "mean": 2.3465886728467347e-48,
        "std": 2.8862186742727727e-48,
        "min": 2.1566590158312385e-51,
        "max": 6.4124384252412e-48,
        "n": 3
      },
      "spearman": {
        "mean": 0.458896098871987,
        "std": 0.010003590147909943,
        "min": 0.4454327369593585,
        "max": 0.46939090861672045,
        "n": 3
      },
      "spearman_p": {
        "mean": 3.29455255649147e-48,
        "std": 4.658310440686222e-48,
        "min": 1.718838967980618e-53,
        "max": 9.882398321491415e-48,
        "n": 3
      },
      "n_samples": {
        "mean": 955.0,
        "std": 0.0,
        "min": 955.0,
        "max": 955.0,
        "n": 3
      }
    },
    "dko_first_order": {
      "rmse": {
        "mean": 0.036157954361655135,
        "std": 0.00034344996172375864,
        "min": 0.03575804188085723,
        "max": 0.03659663496211947,
        "n": 3
      },
      "mae": {
        "mean": 0.02898405243953069,
        "std": 0.00028683981138432057,
        "min": 0.028585024178028107,
        "max": 0.029246795922517776,
        "n": 3
      },
      "r2": {
        "mean": 0.46060262123743695,
        "std": 0.010254363608382132,
        "min": 0.44748473167419434,
        "max": 0.47251588106155396,
        "n": 3
      },
      "pearson": {
        "mean": 0.6826805075009664,
        "std": 0.004778886201653504,
        "min": 0.6778365969657898,
        "max": 0.6891840100288391,
        "n": 3
      },
      "pearson_p": {
        "mean": 6.3720893825056215e-130,
        "std": 8.727068096003687e-130,
        "min": 1.735384240403269e-135,
        "max": 1.8711818633699278e-129,
        "n": 3
      },
      "spearman": {
        "mean": 0.6699181426639699,
        "std": 0.009338437584634679,
        "min": 0.6567149142038285,
        "max": 0.6767760642391624,
        "n": 3
      },
      "spearman_p": {
        "mean": 2.1297510126068857e-119,
        "std": 3.0119227651729487e-119,
        "min": 6.638831137758526e-129,
        "max": 6.389253035934745e-119,
        "n": 3
      },
      "n_samples": {
        "mean": 955.0,
        "std": 0.0,
        "min": 955.0,
        "max": 955.0,
        "n": 3
      }
    },
    "dko_diagonal": {
      "rmse": {
        "mean": 0.04296908045184328,
        "std": 0.0008447450158106954,
        "min": 0.0419712263842716,
        "max": 0.04403687184334413,
        "n": 3
      },
      "mae": {
        "mean": 0.03476263706882795,
        "std": 0.0007203161904017646,
        "min": 0.03406583145260811,
        "max": 0.03575456887483597,
        "n": 3
      },
      "r2": {
        "mean": 0.2380229632059733,
        "std": 0.029985464876167333,
        "min": 0.19999104738235474,
        "max": 0.27328306436538696,
        "n": 3
      },
      "pearson": {
        "mean": 0.48753151297569275,
        "std": 0.030360528926996255,
        "min": 0.4487924873828888,
        "max": 0.5229356288909912,
        "n": 3
      },
      "pearson_p": {
        "mean": 5.463121820615191e-49,
        "std": 7.72602097128059e-49,
        "min": 3.822267913532795e-68,
        "max": 1.6389365461379155e-48,
        "n": 3
      },
      "spearman": {
        "mean": 0.5007763355099023,
        "std": 0.036916465267113986,
        "min": 0.4512363125827101,
        "max": 0.5398144129954581,
        "n": 3
      },
      "spearman_p": {
        "mean": 1.4599648639602226e-49,
        "std": 2.064702111200737e-49,
        "min": 2.4842768817539386e-73,
        "max": 4.379894591880667e-49,
        "n": 3
      },
      "n_samples": {
        "mean": 955.0,
        "std": 0.0,
        "min": 955.0,
        "max": 955.0,
        "n": 3
      }
    },
    "dko_separate_nets": {
      "rmse": {
        "mean": 0.0452941750469348,
        "std": 0.00023277118504285162,
        "min": 0.04498568957164649,
        "max": 0.045547922410257805,
        "n": 3
      },
      "mae": {
        "mean": 0.03679287061095238,
        "std": 0.00012351208417153145,
        "min": 0.03666309267282486,
        "max": 0.03695900738239288,
        "n": 3
      },
      "r2": {
        "mean": 0.15363417069117227,
        "std": 0.008691322485024404,
        "min": 0.14414715766906738,
        "max": 0.16514569520950317,
        "n": 3
      },
      "pearson": {
        "mean": 0.39352360367774963,
        "std": 0.012228881826970973,
        "min": 0.37972187995910645,
        "max": 0.40944957733154297,
        "n": 3
      },
      "pearson_p": {
        "mean": 1.3610619989412698e-34,
        "std": 1.9068326830999136e-34,
        "min": 6.666698005323739e-40,
        "max": 4.057690508011031e-34,
        "n": 3
      },
      "spearman": {
        "mean": 0.3907355423666703,
        "std": 0.022333119346063718,
        "min": 0.3614244043476533,
        "max": 0.415579105320567,
        "n": 3
      },
      "spearman_p": {
        "mean": 2.5453782287690635e-31,
        "std": 3.599705106961991e-31,
        "min": 3.600860104411333e-41,
        "max": 7.636130011577688e-31,
        "n": 3
      },
      "n_samples": {
        "mean": 955.0,
        "std": 0.0,
        "min": 955.0,
        "max": 955.0,
        "n": 3
      }
    },
    "attention": {
      "rmse": {
        "mean": 0.03385246509134921,
        "std": 0.0009583973049713616,
        "min": 0.032520234899382924,
        "max": 0.0347345897426179,
        "n": 3
      },
      "mae": {
        "mean": 0.025965490688880283,
        "std": 0.0008549065858213687,
        "min": 0.024779321625828743,
        "max": 0.026761183515191078,
        "n": 3
      },
      "r2": {
        "mean": 0.5268591245015463,
        "std": 0.026541445036358403,
        "min": 0.5022786259651184,
        "max": 0.5637160539627075,
        "n": 3
      },
      "pearson": {
        "mean": 0.7295517126719157,
        "std": 0.017672573467853753,
        "min": 0.7101344466209412,
        "max": 0.7528877854347229,
        "n": 3
      },
      "pearson_p": {
        "mean": 7.226648746294285e-148,
        "std": 1.0220024662819469e-147,
        "min": 2.5013449995922525e-175,
        "max": 2.1679946232241096e-147,
        "n": 3
      },
      "spearman": {
        "mean": 0.7039574131282293,
        "std": 0.016061736425777726,
        "min": 0.6850044486362193,
        "max": 0.724276308308641,
        "n": 3
      },
      "spearman_p": {
        "mean": 1.0385074885283721e-133,
        "std": 1.4686713745123417e-133,
        "min": 4.797719348035196e-156,
        "max": 3.1155224650328608e-133,
        "n": 3
      },
      "n_samples": {
        "mean": 955.0,
        "std": 0.0,
        "min": 955.0,
        "max": 955.0,
        "n": 3
      }
    },
    "deepsets": {
      "rmse": {
        "mean": 0.03355722300368117,
        "std": 0.0007974917280664139,
        "min": 0.03256834379021359,
        "max": 0.034521319943350726,
        "n": 3
      },
      "mae": {
        "mean": 0.026060891648133595,
        "std": 0.0008983822059921295,
        "min": 0.025171207264065742,
        "max": 0.02729121595621109,
        "n": 3
      },
      "r2": {
        "mean": 0.5351860125859579,
        "std": 0.022068817183687094,