{
  "bace": {
    "dko_gated": {
      "auc": {
        "mean": NaN,
        "std": NaN,
        "min": NaN,
        "max": NaN,
        "n": 3
      },
      "auc_pr": {
        "mean": NaN,
        "std": NaN,
        "min": NaN,
        "max": NaN,
        "n": 3
      },
      "accuracy": {
        "mean": 0.24780701754385967,
        "std": 0.07621994384641563,
        "min": 0.16447368421052633,
        "max": 0.34868421052631576,
        "n": 3
      },
      "precision": {
        "mean": 0.0,
        "std": 0.0,
        "min": 0.0,
        "max": 0.0,
        "n": 3
      },
      "recall": {
        "mean": 0.0,
        "std": 0.0,
        "min": 0.0,
        "max": 0.0,
        "n": 3
      },
      "f1": {
        "mean": 0.0,
        "std": 0.0,
        "min": 0.0,
        "max": 0.0,
        "n": 3
      },
      "specificity": {
        "mean": 0.24780701754385967,
        "std": 0.07621994384641563,
        "min": 0.16447368421052633,
        "max": 0.34868421052631576,
        "n": 3
      },
      "n_samples": {
        "mean": 152.0,
        "std": 0.0,
        "min": 152.0,
        "max": 152.0,
        "n": 3
      }
    }
  },
  "freesolv": {
    "dko_gated": {
      "rmse": {
        "mean": 4.908321878564854,
        "std": 0.11352075407182109,
        "min": 4.791940941078895,
        "max": 5.062283169847735,
        "n": 3
      },
      "mae": {
        "mean": 3.802837371826172,
        "std": 0.07884433325888868,
        "min": 3.6954023838043213,
        "max": 3.882399320602417,
        "n": 3
      },
      "r2": {
        "mean": -0.7343603769938151,
        "std": 0.08061081095230956,
        "min": -0.8438853025436401,
        "max": -0.6522049903869629,
        "n": 3
      },
      "pearson": {
        "mean": 0.1423560306429863,
        "std": 0.04324367457781928,
        "min": 0.1070452332496643,
        "max": 0.2032535821199417,
        "n": 3
      },
      "pearson_p": {
        "mean": 0.32306226083188316,
        "std": 0.13285030877679757,
        "min": 0.13666351571461588,
        "max": 0.43664392171069094,
        "n": 3
      },
      "spearman": {
        "mean": 0.11964390274656739,
        "std": 0.06662477863988779,
        "min": 0.051698324299592695,
        "max": 0.21014845711453414,
        "n": 3
      },
      "spearman_p": {
        "mean": 0.43735702252276293,
        "std": 0.2404631105590744,
        "min": 0.12357048747828892,
        "max": 0.7077723985886919,
        "n": 3
      },
      "n_samples": {
        "mean": 55.0,
        "std": 0.0,
        "min": 55.0,
        "max": 55.0,
        "n": 3
      }
    }
  },
  "bbbp": {
    "dko_gated": {
      "auc": {
        "mean": NaN,
        "std": NaN,
        "min": NaN,
        "max": NaN,
        "n": 3
      },
      "auc_pr": {
        "mean": NaN,
        "std": NaN,
        "min": NaN,
        "max": NaN,
        "n": 3
      },
      "accuracy": {
        "mean": 0.9754901960784313,
        "std": 0.004002434220233937,
        "min": 0.9705882352941176,
        "max": 0.9803921568627451,
        "n": 3
      },
      "precision": {
        "mean": 1.0,
        "std": 0.0,
        "min": 1.0,
        "max": 1.0,
        "n": 3
      },
      "recall": {
        "mean": 0.9754901960784313,
        "std": 0.004002434220233937,
        "min": 0.9705882352941176,
        "max": 0.9803921568627451,
        "n": 3
      },
      "f1": {
        "mean": 0.9875888962919476,
        "std": 0.0020511978897726603,
        "min": 0.9850746268656716,
        "max": 0.9900990099009901,
        "n": 3
      },
      "specificity": {
        "mean": 0.0,
        "std": 0.0,
        "min": 0.0,
        "max": 0.0,
        "n": 3
      },
      "n_samples": {
        "mean": 204.0,
        "std": 0.0,
        "min": 204.0,
        "max": 204.0,
        "n": 3
      }
    }
  },
  "qm9_homo": {
    "dko_gated": {
      "rmse": {
        "mean": 0.0198072813212914,
        "std": 0.0002529646039590668,
        "min": 0.019518871408010355,
        "max": 0.020134793200128457,
        "n": 3
      },
      "mae": {
        "mean": 0.014772575038174788,
        "std": 0.00022281482984596015,
        "min": 0.014524592086672783,
        "max": 0.015064935199916363,
        "n": 3
      },
      "r2": {
        "mean": 0.06292800108591716,
        "std": 0.02396640404366531,
        "min": 0.03184092044830322,
        "max": 0.09016674757003784,
        "n": 3
      },
      "pearson": {
        "mean": 0.3948506514231364,
        "std": 0.006031079989432517,
        "min": 0.3888818025588989,
        "max": 0.4031114876270294,
        "n": 3
      },
      "pearson_p": {
        "mean": 3.091407004916565e-36,
        "std": 3.342930773065335e-36,
        "min": 1.279649349773864e-38,
        "max": 7.73786485094029e-36,
        "n": 3
      },
      "spearman": {
        "mean": 0.31291828755306655,
        "std": 0.01578606031966231,
        "min": 0.29267542610773806,
        "max": 0.3311925994230891,
        "n": 3
      },
      "spearman_p": {
        "mean": 8.559771472043509e-21,
        "std": 1.2091152378894336e-20,
        "min": 7.003726919138151e-26,
        "max": 2.565923927751505e-20,
        "n": 3
      },
      "n_samples": {
        "mean": 955.0,
        "std": 0.0,
        "min": 955.0,
        "max": 955.0,
        "n": 3
      }
    }
  }
}