{
  "bace": {
    "task_type": "classification",
    "n_train": 1210,
    "n_test": 152,
    "feature_dim": 1024,
    "models": {
      "logistic": {
        "accuracy": 0.6842105263157895,
        "auc": NaN
      },
      "logistic_C01": {
        "accuracy": 0.7236842105263158,
        "auc": NaN
      },
      "random_forest": {
        "accuracy": 0.7039473684210527,
        "auc": NaN
      }
    }
  },
  "bbbp": {
    "task_type": "classification",
    "n_train": 1629,
    "n_test": 204,
    "feature_dim": 1024,
    "models": {
      "logistic": {
        "accuracy": 0.8186274509803921,
        "auc": NaN
      },
      "logistic_C01": {
        "accuracy": 0.8725490196078431,
        "auc": NaN
      },
      "random_forest": {
        "accuracy": 0.9852941176470589,
        "auc": NaN
      }
    }
  },
  "esol": {
    "task_type": "regression",
    "n_train": 902,
    "n_test": 114,
    "feature_dim": 1024,
    "models": {
      "ridge": {
        "rmse": 5.782410211389642,
        "mae": 4.076345920562744,
        "r2": -7.190428733825684,
        "pearson": 0.07996762543916702,
        "val_r2": -35.080955505371094
      },
      "ridge_alpha10": {
        "rmse": 3.251397492650261,
        "mae": 2.333927869796753,
        "r2": -1.5895781517028809,
        "pearson": 0.14600947499275208,
        "val_r2": -18.396560668945312
      },
      "ridge_alpha100": {
        "rmse": 2.2199953909130192,
        "mae": 1.588897466659546,
        "r2": -0.2072383165359497,
        "pearson": 0.31515076756477356,
        "val_r2": -10.172758102416992
      },
      "random_forest": {
        "rmse": 1.7666424371677243,
        "mae": 1.324384626518097,
        "r2": 0.2354845714677487,
        "pearson": 0.5230877796350393,
        "val_r2": 0.3127044164670456
      }
    }
  },
  "freesolv": {
    "task_type": "regression",
    "n_train": 523,
    "n_test": 55,
    "feature_dim": 1024,
    "models": {
      "ridge": {
        "rmse": 24.101057277929996,
        "mae": 14.847809791564941,
        "r2": -40.79393005371094,
        "pearson": -0.1470901519060135,
        "val_r2": -7.444700241088867
      },
      "ridge_alpha10": {
        "rmse": 14.177951103221917,
        "mae": 8.582529067993164,
        "r2": -13.463318824768066,
        "pearson": 8.746824460104108e-05,
        "val_r2": -2.621903419494629
      },
      "ridge_alpha100": {
        "rmse": 8.322519788641191,
        "mae": 5.1718668937683105,
        "r2": -3.9836859703063965,
        "pearson": 0.17993438243865967,
        "val_r2": -0.5593051910400391
      },
      "random_forest": {
        "rmse": 3.8254859900389535,
        "mae": 3.035249113764805,
        "r2": -0.052965794358906804,
        "pearson": 0.15509518181802262,
        "val_r2": -0.1550094577662049
      }
    }
  },
  "lipophilicity": {
    "task_type": "regression",
    "n_train": 3360,
    "n_test": 420,
    "feature_dim": 1024,
    "models": {
      "ridge": {
        "rmse": 1.3775558559357364,
        "mae": 1.1109962463378906,
        "r2": -0.39899981021881104,
        "pearson": 0.1050248071551323,
        "val_r2": -0.3810008764266968
      },
      "ridge_alpha10": {
        "rmse": 1.3320706269381393,
        "mae": 1.0818852186203003,
        "r2": -0.30813848972320557,
        "pearson": 0.1114269345998764,
        "val_r2": -0.2951086759567261
      },
      "ridge_alpha100": {
        "rmse": 1.2320498042381611,
        "mae": 1.0026410818099976,
        "r2": -0.11906599998474121,
        "pearson": 0.13470986485481262,
        "val_r2": -0.12015140056610107
      },
      "random_forest": {
        "rmse": 1.0900145398169296,
        "mae": 0.8640245152957827,
        "r2": 0.12408130438997023,
        "pearson": 0.39295046321225124,
        "val_r2": 0.09308210497489522
      }
    }
  },
  "qm9_gap": {
    "task_type": "regression",
    "n_train": 7991,
    "n_test": 955,
    "feature_dim": 1024,
    "models": {
      "ridge": {
        "rmse": 0.04067860949600607,
        "mae": 0.03222740814089775,
        "r2": 0.3313068747520447,
        "pearson": 0.6195350289344788,
        "val_r2": 0.23200547695159912
      },
      "ridge_alpha10": {
        "rmse": 0.04046589144898794,
        "mae": 0.03209139034152031,
        "r2": 0.33828210830688477,
        "pearson": 0.622460663318634,
        "val_r2": 0.24164843559265137
      },
      "ridge_alpha100": {
        "rmse": 0.0396124541432632,
        "mae": 0.031461313366889954,
        "r2": 0.36589938402175903,
        "pearson": 0.6357813477516174,
        "val_r2": 0.2934567332267761
      },
      "random_forest": {
        "rmse": 0.035794248198804,
        "mae": 0.028494837110006967,
        "r2": 0.4822487579945577,
        "pearson": 0.7100167049939513,
        "val_r2": 0.4642696907850259
      }
    }
  },
  "qm9_homo": {
    "task_type": "regression",
    "n_train": 7991,
    "n_test": 955,
    "feature_dim": 1024,
    "models": {
      "ridge": {
        "rmse": 0.02102123047697408,
        "mae": 0.015687135979533195,
        "r2": -0.0552823543548584,
        "pearson": 0.2843617796897888,
        "val_r2": -0.2717679738998413
      },
      "ridge_alpha10": {
        "rmse": 0.020554858269746908,
        "mae": 0.01552779320627451,
        "r2": -0.008977174758911133,
        "pearson": 0.30626755952835083,
        "val_r2": -0.21113991737365723
      },
      "ridge_alpha100": {
        "rmse": 0.019958812524462778,
        "mae": 0.015101447701454163,
        "r2": 0.048690617084503174,
        "pearson": 0.33494821190834045,
        "val_r2": -0.11724090576171875
      },
      "random_forest": {
        "rmse": 0.018407673898548294,
        "mae": 0.013585428323657354,
        "r2": 0.19081046660998646,
        "pearson": 0.4760742685327938,
        "val_r2": 0.12116251582027193
      }
    }
  },
  "qm9_lumo": {
    "task_type": "regression",
    "n_train": 7991,
    "n_test": 955,
    "feature_dim": 1024,
    "models": {
      "ridge": {
        "rmse": 0.03762315529478601,
        "mae": 0.02922189049422741,
        "r2": 0.4160544276237488,
        "pearson": 0.6824737191200256,
        "val_r2": 0.3866152763366699
      },
      "ridge_alpha10": {
        "rmse": 0.0370432553266659,
        "mae": 0.029047217220067978,
        "r2": 0.4339168667793274,
        "pearson": 0.6895789504051208,
        "val_r2": 0.39971357583999634
      },
      "ridge_alpha100": {
        "rmse": 0.03594229383733573,
        "mae": 0.02842237800359726,
        "r2": 0.46706587076187134,
        "pearson": 0.7047988176345825,
        "val_r2": 0.43223410844802856
      },
      "random_forest": {
        "rmse": 0.032112673722420215,
        "mae": 0.026043462301234846,
        "r2": 0.5745829810406682,
        "pearson": 0.7726029723669392,
        "val_r2": 0.5581946990848492
      }
    }
  }
}