{
  "bde": {
    "mean_ensemble": {
      "rmse": {
        "mean": 23.13361831176671,
        "std": 0.07832181556889829,
        "min": 23.046287068772052,
        "max": 23.23628732883386,
        "n": 3
      },
      "mae": {
        "mean": 20.26677131652832,
        "std": 0.10134393129215355,
        "min": 20.142044067382812,
        "max": 20.390275955200195,
        "n": 3
      },
      "r2": {
        "mean": 0.027581989765167236,
        "std": 0.0065875891496817605,
        "min": 0.01894277334213257,
        "max": 0.034921109676361084,
        "n": 3
      },
      "pearson": {
        "mean": 0.16657321155071259,
        "std": 0.020380543267548422,
        "min": 0.13974818587303162,
        "max": 0.18911607563495636,
        "n": 3
      },
      "pearson_p": {
        "mean": 4.625175591465989e-07,
        "std": 6.517344162495203e-07,
        "min": 5.3894303244188166e-11,
        "max": 1.3842073142622622e-06,
        "n": 3
      },
      "spearman": {
        "mean": 0.13593142002733596,
        "std": 0.018346772985774782,
        "min": 0.11020340783707122,
        "max": 0.15170371772416924,
        "n": 3
      },
      "spearman_p": {
        "mean": 4.851692093284184e-05,
        "std": 6.81763313138668e-05,
        "min": 1.563764908447408e-07,
        "max": 0.00014493265212713424,
        "n": 3
      },
      "n_samples": {
        "mean": 1184.0,
        "std": 0.0,
        "min": 1184.0,
        "max": 1184.0,
        "n": 3
      }
    }
  }
}