{
  "kraken_B5": {
    "dko_first_order": {
      "rmse": {
        "mean": 1.1620187566201816,
        "std": 0.026351465978291435,
        "min": 1.1346688680713366,
        "max": 1.1976160031478322,
        "n": 3
      },
      "mae": {
        "mean": 0.8889720439910889,
        "std": 0.026797244996274387,
        "min": 0.8608549237251282,
        "max": 0.9250353574752808,
        "n": 3
      },
      "r2": {
        "mean": 0.16586748758951822,
        "std": 0.038001204283447804,
        "min": 0.11443454027175903,
        "max": 0.20507937669754028,
        "n": 3
      },
      "pearson": {
        "mean": 0.5127115646998087,
        "std": 0.019270698512011217,
        "min": 0.48798614740371704,
        "max": 0.5350005030632019,
        "n": 3
      },
      "pearson_p": {
        "mean": 3.6729585325468815e-11,
        "std": 4.733798483499992e-11,
        "min": 6.26075514314269e-13,
        "max": 1.0360479409130595e-10,
        "n": 3
      },
      "spearman": {
        "mean": 0.5109534120423785,
        "std": 0.021183873173574456,
        "min": 0.4901455643185661,
        "max": 0.540023075342574,
        "n": 3
      },
      "spearman_p": {
        "mean": 3.54780365812613e-11,
        "std": 3.504213106499455e-11,
        "min": 3.457910683444943e-13,
        "max": 8.331329243200385e-11,
        "n": 3
      },
      "n_samples": {
        "mean": 156.0,
        "std": 0.0,
        "min": 156.0,
        "max": 156.0,
        "n": 3
      }
    }
  },
  "kraken_L": {
    "dko_first_order": {
      "rmse": {
        "mean": 1.2919935140077727,
        "std": 0.020867706883558844,
        "min": 1.2713807235167378,
        "max": 1.3205899731404591,
        "n": 3
      },
      "mae": {
        "mean": 0.9020900328954061,
        "std": 0.008496625304711887,
        "min": 0.8902294635772705,
        "max": 0.9096888899803162,
        "n": 3
      },
      "r2": {
        "mean": 0.11281319459279378,
        "std": 0.028771474373979568,
        "min": 0.07334703207015991,
        "max": 0.14112025499343872,
        "n": 3
      },
      "pearson": {
        "mean": 0.40035079916318256,
        "std": 0.019172010656811605,
        "min": 0.3759048581123352,
        "max": 0.42272984981536865,
        "n": 3
      },
      "pearson_p": {
        "mean": 5.185359784617152e-07,
        "std": 5.742204327268338e-07,
        "min": 3.855263226375719e-08,
        "max": 1.3258068143817402e-06,
        "n": 3
      },
      "spearman": {
        "mean": 0.4218247452943402,
        "std": 0.0101186803160916,
        "min": 0.40757093105142334,
        "max": 0.43004852143952205,
        "n": 3
      },
      "spearman_p": {
        "mean": 5.835252039833721e-08,
        "std": 4.975115092576705e-08,
        "min": 2.108485472692191e-08,
        "max": 1.2866910034766477e-07,
        "n": 3
      },
      "n_samples": {
        "mean": 156.0,
        "std": 0.0,
        "min": 156.0,
        "max": 156.0,
        "n": 3
      }
    }
  },
  "kraken_burB5": {
    "dko_first_order": {
      "rmse": {
        "mean": 0.6239250874034598,
        "std": 0.020817193135509518,
        "min": 0.6036362265172663,
        "max": 0.6525439566206349,
        "n": 3
      },
      "mae": {
        "mean": 0.4851982494195302,
        "std": 0.009468565004150295,
        "min": 0.47237640619277954,
        "max": 0.4949529469013214,
        "n": 3
      },
      "r2": {
        "mean": 0.17414641380310059,
        "std": 0.05554173203282479,
        "min": 0.09765106439590454,
        "max": 0.22784310579299927,
        "n": 3
      },
      "pearson": {
        "mean": 0.5267838438351949,
        "std": 0.032398867582501725,
        "min": 0.48113858699798584,
        "max": 0.5530579686164856,
        "n": 3
      },
      "pearson_p": {
        "mean": 6.832927060019697e-11,
        "std": 9.64653334301751e-11,
        "min": 7.069587086722879e-14,
        "max": 2.0475184250804516e-10,
        "n": 3
      },
      "spearman": {
        "mean": 0.5115002660513241,
        "std": 0.012638965321851114,
        "min": 0.49694804886915006,
        "max": 0.5277646947258617,
        "n": 3
      },
      "spearman_p": {
        "mean": 1.787933437912346e-11,
        "std": 1.712944631298206e-11,
        "min": 1.4475915514242951e-12,
        "max": 4.151030446983106e-11,
        "n": 3
      },
      "n_samples": {
        "mean": 156.0,
        "std": 0.0,
        "min": 156.0,
        "max": 156.0,
        "n": 3
      }
    }
  },
  "kraken_burL": {
    "dko_first_order": {
      "rmse": {
        "mean": 0.3775684987222083,
        "std": 0.023391200042738106,
        "min": 0.353746623235431,
        "max": 0.4093568368333122,
        "n": 3
      },
      "mae": {
        "mean": 0.2887924512227376,
        "std": 0.01699724834075465,
        "min": 0.2765711545944214,
        "max": 0.31282904744148254,
        "n": 3
      },
      "r2": {
        "mean": 0.02631467580795288,
        "std": 0.12195321027694686,
        "min": -0.14016461372375488,
        "max": 0.14857178926467896,
        "n": 3
      },
      "pearson": {
        "mean": 0.35944022238254547,
        "std": 0.09517187469712711,
        "min": 0.23235733807086945,
        "max": 0.4613741636276245,
        "n": 3
      },
      "pearson_p": {
        "mean": 0.0011712853658976256,
        "std": 0.0016559401981690262,
        "min": 1.3471359220624396e-09,
        "max": 0.0035131384162451333,
        "n": 3
      },
      "spearman": {
        "mean": 0.21772091569560093,
        "std": 0.042438013205940386,
        "min": 0.1620256405600495,
        "max": 0.26493359116632886,
        "n": 3
      },
      "spearman_p": {
        "mean": 0.016216862615903,
        "std": 0.019210340461007513,
        "min": 0.000830762965098321,
        "max": 0.04330080525451445,
        "n": 3
      },
      "n_samples": {
        "mean": 156.0,
        "std": 0.0,
        "min": 156.0,
        "max": 156.0,
        "n": 3
      }
    }
  }
}