{
  "esol": {
    "dko_crossattn": {
      "rmse": {
        "mean": 1.928562970559659,
        "std": 0.042471754253220764,
        "min": 1.8717035562147126,
        "max": 1.9737566305560112,
        "n": 3
      },
      "mae": {
        "mean": 1.4589194456736247,
        "std": 0.03314378654217656,
        "min": 1.413712739944458,
        "max": 1.4922480583190918,
        "n": 3
      },
      "r2": {
        "mean": 0.0884781281153361,
        "std": 0.03995645209577249,
        "min": 0.0457194447517395,
        "max": 0.14185041189193726,
        "n": 3
      },
      "pearson": {
        "mean": 0.35616780320803326,
        "std": 0.034262505237630435,
        "min": 0.3306157886981964,
        "max": 0.4045976996421814,
        "n": 3
      },
      "pearson_p": {
        "mean": 0.00020864177313313572,
        "std": 0.00014265132133286896,
        "min": 8.015935231758826e-06,
        "max": 0.0003272864702790232,
        "n": 3
      },
      "spearman": {
        "mean": 0.35574851884016895,
        "std": 0.03831642645984159,
        "min": 0.32260416291187444,
        "max": 0.40944631541939885,
        "n": 3
      },
      "spearman_p": {
        "mean": 0.0002457245631347585,
        "std": 0.00018763382924511781,
        "min": 6.083932036358861e-06,
        "max": 0.00046423103151630655,
        "n": 3
      },
      "n_samples": {
        "mean": 114.0,
        "std": 0.0,
        "min": 114.0,
        "max": 114.0,
        "n": 3
      }
    }
  },
  "qm9_gap": {
    "dko_crossattn": {
      "rmse": {
        "mean": 0.03838690701967013,
        "std": 0.0003835655040589365,
        "min": 0.03795868448777386,
        "max": 0.03888938062927333,
        "n": 3
      },
      "mae": {
        "mean": 0.030641093850135803,
        "std": 0.00032609816044285495,
        "min": 0.030285408720374107,
        "max": 0.031073153018951416,
        "n": 3
      },
      "r2": {
        "mean": 0.4044691522916158,
        "std": 0.011916915611404955,
        "min": 0.38883745670318604,
        "max": 0.41773998737335205,
        "n": 3
      },
      "pearson": {
        "mean": 0.6444552938143412,
        "std": 0.006870594823986324,
        "min": 0.6354193687438965,
        "max": 0.6520670652389526,
        "n": 3
      },
      "pearson_p": {
        "mean": 1.319374347190288e-109,
        "std": 1.8658226828122838e-109,
        "min": 1.0237316421622711e-116,
        "max": 3.958046089834736e-109,
        "n": 3
      },
      "spearman": {
        "mean": 0.639570583061566,
        "std": 0.003749003206860749,
        "min": 0.6342691960988308,
        "max": 0.6422845992962242,
        "n": 3
      },
      "spearman_p": {
        "mean": 4.242521591635172e-109,
        "std": 5.994750975568004e-109,
        "min": 3.355550798599171e-112,
        "max": 1.2720379719916737e-108,
        "n": 3
      },
      "n_samples": {
        "mean": 955.0,
        "std": 0.0,
        "min": 955.0,
        "max": 955.0,
        "n": 3
      }
    }
  },
  "qm9_lumo": {
    "dko_crossattn": {
      "rmse": {
        "mean": 0.03532307069606531,
        "std": 0.00033707009715173866,
        "min": 0.0350145042144099,
        "max": 0.03579201950601351,
        "n": 3
      },
      "mae": {
        "mean": 0.02849033350745837,
        "std": 0.0001877294492884049,
        "min": 0.02823987975716591,
        "max": 0.028691837564110756,
        "n": 3
      },
      "r2": {
        "mean": 0.4852238694826762,
        "std": 0.009852033675535,
        "min": 0.47151291370391846,
        "max": 0.4942243695259094,
        "n": 3
      },
      "pearson": {
        "mean": 0.7017232378323873,
        "std": 0.006351671459870787,
        "min": 0.6927406787872314,
        "max": 0.7062431573867798,
        "n": 3
      },
      "pearson_p": {
        "mean": 6.510299485010597e-138,
        "std": 9.206953204197136e-138,
        "min": 4.232990765132393e-145,
        "max": 1.953089757452061e-137,
        "n": 3
      },
      "spearman": {
        "mean": 0.682350776263648,
        "std": 0.007297730582335601,
        "min": 0.6720363709336479,
        "max": 0.6878163447744914,
        "n": 3
      },
      "spearman_p": {
        "mean": 5.953043548936241e-127,
        "std": 8.418874710755698e-127,
        "min": 9.576266500920152e-135,
        "max": 1.7859130344806818e-126,
        "n": 3
      },
      "n_samples": {
        "mean": 955.0,
        "std": 0.0,
        "min": 955.0,
        "max": 955.0,
        "n": 3
      }
    }
  },
  "lipophilicity": {
    "dko_crossattn": {
      "rmse": {
        "mean": 1.1699438974517793,
        "std": 0.014166069995443141,
        "min": 1.1506813601605137,
        "max": 1.1843430064366687,
        "n": 3
      },
      "mae": {
        "mean": 0.9345263640085856,
        "std": 0.010434392063665743,
        "min": 0.9230888485908508,
        "max": 0.9483199119567871,
        "n": 3
      },
      "r2": {
        "mean": -0.009236494700113932,
        "std": 0.024366680301397752,
        "min": -0.0340801477432251,
        "max": 0.02386617660522461,
        "n": 3
      },
      "pearson": {
        "mean": 0.1589448278148969,
        "std": 0.06144038284205073,
        "min": 0.07577434927225113,
        "max": 0.22231043875217438,
        "n": 3
      },
      "pearson_p": {
        "mean": 0.04041800319809872,
        "std": 0.056993182208308235,
        "min": 4.2224830558311145e-06,
        "max": 0.121018427759055,
        "n": 3
      },
      "spearman": {
        "mean": 0.11647952107726982,
        "std": 0.0759518074931472,
        "min": 0.010035668345964428,
        "max": 0.18216319908549933,
        "n": 3
      },
      "spearman_p": {
        "mean": 0.279640967867214,
        "std": 0.3944827696139985,
        "min": 0.0001743402707895338,
        "max": 0.8375235209669076,
        "n": 3
      },
      "n_samples": {
        "mean": 420.0,
        "std": 0.0,
        "min": 420.0,
        "max": 420.0,
        "n": 3
      }
    }
  }
}