{
  "kraken_B5": {
    "attention": {
      "rmse": {
        "mean": 1.0298742729423054,
        "std": 0.04297999014619571,
        "min": 0.9716961576513216,
        "max": 1.0742079855639641,
        "n": 3
      },
      "mae": {
        "mean": 0.8229137063026428,
        "std": 0.05100912769883014,
        "min": 0.753696858882904,
        "max": 0.8751195073127747,
        "n": 3
      },
      "r2": {
        "mean": 0.343991219997406,
        "std": 0.05415017571962467,
        "min": 0.2875370979309082,
        "max": 0.4170296788215637,
        "n": 3
      },
      "pearson": {
        "mean": 0.6343464652697245,
        "std": 0.0237941042183668,
        "min": 0.6012021899223328,
        "max": 0.6559516787528992,
        "n": 3
      },
      "pearson_p": {
        "mean": 3.525970191701959e-17,
        "std": 4.979258127480175e-17,
        "min": 1.4905719936320517e-20,
        "max": 1.0567703330258372e-16,
        "n": 3
      },
      "spearman": {
        "mean": 0.6272541922839846,
        "std": 0.028463074181791927,
        "min": 0.5872105704035023,
        "max": 0.6508258127736245,
        "n": 3
      },
      "spearman_p": {
        "mean": 2.6089770638414647e-16,
        "std": 3.6884969737273137e-16,
        "min": 3.694366004991433e-20,
        "max": 7.825299483388882e-16,
        "n": 3
      },
      "n_samples": {
        "mean": 156.0,
        "std": 0.0,
        "min": 156.0,
        "max": 156.0,
        "n": 3
      }
    }
  },
  "kraken_L": {
    "attention": {
      "rmse": {
        "mean": 1.2327282216048034,
        "std": 0.052259406560511486,
        "min": 1.1641696138192192,
        "max": 1.2909105867024302,
        "n": 3
      },
      "mae": {
        "mean": 0.9012701511383057,
        "std": 0.047629580869454784,
        "min": 0.8460589647293091,
        "max": 0.9622921943664551,
        "n": 3
      },
      "r2": {
        "mean": 0.1910985310872396,
        "std": 0.06804655764400556,
        "min": 0.11453080177307129,
        "max": 0.27986544370651245,
        "n": 3
      },
      "pearson": {
        "mean": 0.474163422981898,
        "std": 0.04960285692344928,
        "min": 0.4149017333984375,
        "max": 0.5363012552261353,
        "n": 3
      },
      "pearson_p": {
        "mean": 2.4301572380369774e-08,
        "std": 3.39920517176098e-08,
        "min": 5.373646142644442e-13,
        "max": 7.23726152578918e-08,
        "n": 3
      },
      "spearman": {
        "mean": 0.5317517767486947,
        "std": 0.03726042489204612,
        "min": 0.4807700210206887,
        "max": 0.5687819064026173,
        "n": 3
      },
      "spearman_p": {
        "mean": 7.083082197674544e-11,
        "std": 1.0003976879460348e-10,
        "min": 9.481420476460046e-15,
        "max": 2.123083876656362e-10,
        "n": 3
      },
      "n_samples": {
        "mean": 156.0,
        "std": 0.0,
        "min": 156.0,
        "max": 156.0,
        "n": 3
      }
    }
  },
  "kraken_burB5": {
    "attention": {
      "rmse": {
        "mean": 0.5592216393360833,
        "std": 0.007261572844955767,
        "min": 0.553453092737747,
        "max": 0.5694638038332113,
        "n": 3
      },
      "mae": {
        "mean": 0.43299124638239544,
        "std": 0.0022059161193278398,
        "min": 0.43073853850364685,
        "max": 0.43598657846450806,
        "n": 3
      },
      "r2": {
        "mean": 0.33717920382817584,
        "std": 0.017287894485207577,
        "min": 0.3127935528755188,
        "max": 0.3508925437927246,
        "n": 3
      },
      "pearson": {
        "mean": 0.6172149578730265,
        "std": 0.009510412410249539,
        "min": 0.6069069504737854,
        "max": 0.6298509836196899,
        "n": 3
      },
      "pearson_p": {
        "mean": 2.0071627082999915e-17,
        "std": 1.8601971456467655e-17,
        "min": 1.271999149294918e-18,
        "max": 4.5408206884442256e-17,
        "n": 3
      },
      "spearman": {
        "mean": 0.5994046772349627,
        "std": 0.004575621424176184,
        "min": 0.5930489481753094,
        "max": 0.603635156706864,
        "n": 3
      },
      "spearman_p": {
        "mean": 1.726557819109739e-16,
        "std": 1.212219668208808e-16,
        "min": 7.386256090584887e-17,
        "max": 3.433869401419492e-16,
        "n": 3
      },
      "n_samples": {
        "mean": 156.0,
        "std": 0.0,
        "min": 156.0,
        "max": 156.0,
        "n": 3
      }
    }
  },
  "kraken_burL": {
    "attention": {
      "rmse": {
        "mean": 0.35566265890680215,
        "std": 0.0027346902907914895,
        "min": 0.3522490790790299,
        "max": 0.35894374264631096,
        "n": 3
      },
      "mae": {
        "mean": 0.2572612464427948,
        "std": 0.002735956411000672,
        "min": 0.2545287311077118,
        "max": 0.2609998881816864,
        "n": 3
      },
      "r2": {
        "mean": 0.1392725110054016,
        "std": 0.013231868292960705,
        "min": 0.12337017059326172,
        "max": 0.1557653546333313,
        "n": 3
      },
      "pearson": {
        "mean": 0.394831250111262,
        "std": 0.013175024421986382,
        "min": 0.3785104751586914,
        "max": 0.4107759892940521,
        "n": 3
      },
      "pearson_p": {
        "mean": 5.112604568118531e-07,
        "std": 4.296122158851509e-07,
        "min": 1.0021909960795194e-07,
        "max": 1.104252084076546e-06,
        "n": 3
      },
      "spearman": {
        "mean": 0.29472480810060425,
        "std": 0.0032085484299364847,
        "min": 0.2923993614768219,
        "max": 0.29926190513821493,
        "n": 3
      },
      "spearman_p": {
        "mean": 0.00019027724047923102,
        "std": 3.0179605168774613e-05,
        "min": 0.00014760302238609415,
        "max": 0.00021224378166609202,
        "n": 3
      },
      "n_samples": {
        "mean": 156.0,
        "std": 0.0,
        "min": 156.0,
        "max": 156.0,
        "n": 3
      }
    }
  }
}