{
  "kraken_B5": {
    "dko_invariants": {
      "rmse": {
        "mean": 1.1611338295481184,
        "std": 0.007470761432568211,
        "min": 1.1515178759765488,
        "max": 1.1697323857428572,
        "n": 3
      },
      "mae": {
        "mean": 0.904950737953186,
        "std": 0.010109628721417145,
        "min": 0.8907632827758789,
        "max": 0.9135754704475403,
        "n": 3
      },
      "r2": {
        "mean": 0.16753109296162924,
        "std": 0.010704868162243175,
        "min": 0.1551910638809204,
        "max": 0.18129611015319824,
        "n": 3
      },
      "pearson": {
        "mean": 0.5310999353726705,
        "std": 0.009333921157546018,
        "min": 0.5222720503807068,
        "max": 0.5440129637718201,
        "n": 3
      },
      "pearson_p": {
        "mean": 1.4969270672700766e-12,
        "std": 1.0161156231225622e-12,
        "min": 2.1425765861127687e-13,
        "max": 2.6993373729214314e-12,
        "n": 3
      },
      "spearman": {
        "mean": 0.5185548664895834,
        "std": 0.0053157956078858535,
        "min": 0.5121928090171071,
        "max": 0.5252042800018966,
        "n": 3
      },
      "spearman_p": {
        "mean": 4.796714335511965e-12,
        "std": 2.600543884092284e-12,
        "min": 1.9382019712423595e-12,
        "max": 8.229947323181955e-12,
        "n": 3
      },
      "n_samples": {
        "mean": 156.0,
        "std": 0.0,
        "min": 156.0,
        "max": 156.0,
        "n": 3
      }
    }
  },
  "kraken_L": {
    "dko_invariants": {
      "rmse": {
        "mean": 1.330405146270857,
        "std": 0.019020901789699396,
        "min": 1.307988177569795,
        "max": 1.3544900312454673,
        "n": 3
      },
      "mae": {
        "mean": 0.9417303403218588,
        "std": 0.00813995141046472,
        "min": 0.9302319288253784,
        "max": 0.9479571580886841,
        "n": 3
      },
      "r2": {
        "mean": 0.05932907263437907,
        "std": 0.026917674879373694,
        "min": 0.025161325931549072,
        "max": 0.09094792604446411,
        "n": 3
      },
      "pearson": {
        "mean": 0.3730422655741374,
        "std": 0.024828206368423384,
        "min": 0.34126368165016174,
        "max": 0.40186411142349243,
        "n": 3
      },
      "pearson_p": {
        "mean": 4.846711121150225e-06,
        "std": 5.7998625445746126e-06,
        "min": 1.9948807377299255e-07,
        "max": 1.3023535161473075e-05,
        "n": 3
      },
      "spearman": {
        "mean": 0.38884066873873185,
        "std": 0.03373945281299541,
        "min": 0.34394168567267386,
        "max": 0.4252754026331178,
        "n": 3
      },
      "spearman_p": {
        "mean": 3.7770391244381677e-06,
        "std": 5.121353226092718e-06,
        "min": 3.130413090951379e-08,
        "max": 1.1018285363272265e-05,
        "n": 3
      },
      "n_samples": {
        "mean": 156.0,
        "std": 0.0,
        "min": 156.0,
        "max": 156.0,
        "n": 3
      }
    }
  },
  "kraken_burB5": {
    "dko_invariants": {
      "rmse": {
        "mean": 0.6536032194353582,
        "std": 0.009594747955911654,
        "min": 0.6400814541749106,
        "max": 0.6613439901649181,
        "n": 3
      },
      "mae": {
        "mean": 0.4939288596312205,
        "std": 0.014644654352441996,
        "min": 0.47328469157218933,
        "max": 0.5056871175765991,
        "n": 3
      },
      "r2": {
        "mean": 0.09452404578526814,
        "std": 0.0264450019209644,
        "min": 0.07314926385879517,
        "max": 0.13178861141204834,
        "n": 3
      },
      "pearson": {
        "mean": 0.5330229997634888,
        "std": 0.014830538380049175,
        "min": 0.5144184827804565,
        "max": 0.5507110357284546,
        "n": 3
      },
      "pearson_p": {
        "mean": 2.419265012633789e-12,
        "std": 2.864261085069739e-12,
        "min": 9.456553278612633e-14,
        "max": 6.454386339625468e-12,
        "n": 3
      },
      "spearman": {
        "mean": 0.5569121972066929,
        "std": 0.026502619186510094,
        "min": 0.5291350828528684,
        "max": 0.5925931194284707,
        "n": 3
      },
      "spearman_p": {
        "mean": 4.513265434873254e-13,
        "std": 5.575732792306952e-13,
        "min": 3.664142911428254e-16,
        "max": 1.2369924379442485e-12,
        "n": 3
      },
      "n_samples": {
        "mean": 156.0,
        "std": 0.0,
        "min": 156.0,
        "max": 156.0,
        "n": 3
      }
    }
  },
  "kraken_burL": {
    "dko_invariants": {
      "rmse": {
        "mean": 0.3796023139223636,
        "std": 0.029276905408556063,
        "min": 0.33956891489525715,
        "max": 0.40876783889084073,
        "n": 3
      },
      "mae": {
        "mean": 0.2929488619168599,
        "std": 0.018388852105969314,
        "min": 0.2682737112045288,
        "max": 0.312398225069046,
        "n": 3
      },
      "r2": {
        "mean": 0.013727724552154541,
        "std": 0.14831234439118332,
        "min": -0.13688600063323975,
        "max": 0.2154523730278015,
        "n": 3
      },
      "pearson": {
        "mean": 0.4470950464407603,
        "std": 0.0652062883034755,
        "min": 0.3800138235092163,
        "max": 0.5354341268539429,
        "n": 3
      },
      "pearson_p": {
        "mean": 3.409547876915691e-07,
        "std": 4.612078305769621e-07,
        "min": 5.950302705544517e-13,
        "max": 9.92972820348792e-07,
        "n": 3
      },
      "spearman": {
        "mean": 0.24965238081158203,
        "std": 0.043421306863673785,
        "min": 0.2043609305386228,
        "max": 0.3082095001531469,
        "n": 3
      },
      "spearman_p": {
        "mean": 0.004518909929871842,
        "std": 0.004387575315895554,
        "min": 9.066674239356106e-05,
        "max": 0.010497234285604298,
        "n": 3
      },
      "n_samples": {
        "mean": 156.0,
        "std": 0.0,
        "min": 156.0,
        "max": 156.0,
        "n": 3
      }
    }
  }
}