{
  "esol": {
    "dko_invariants": {
      "rmse": {
        "mean": 1.807238861983054,
        "std": 0.014250490181554179,
        "min": 1.7871967565300453,
        "max": 1.8190902732481289,
        "n": 3
      },
      "mae": {
        "mean": 1.3687399625778198,
        "std": 0.018101458242139983,
        "min": 1.3435242176055908,
        "max": 1.3851712942123413,
        "n": 3
      },
      "r2": {
        "mean": 0.19989498456319174,
        "std": 0.012583800081474764,
        "min": 0.18941718339920044,
        "max": 0.21759140491485596,
        "n": 3
      },
      "pearson": {
        "mean": 0.5099515418211619,
        "std": 0.021709385881985132,
        "min": 0.49108514189720154,
        "max": 0.540360689163208,
        "n": 3
      },
      "pearson_p": {
        "mean": 1.5412117538694264e-08,
        "std": 1.1646834585592304e-08,
        "min": 5.458784986854551e-10,
        "max": 2.898684404711889e-08,
        "n": 3
      },
      "spearman": {
        "mean": 0.45987021666285727,
        "std": 0.020541647571377428,
        "min": 0.4324684480296722,
        "max": 0.48192551503730335,
        "n": 3
      },
      "spearman_p": {
        "mean": 5.957001620905486e-07,
        "std": 6.743730840396949e-07,
        "min": 5.673085772349041e-08,
        "max": 1.5465823864948635e-06,
        "n": 3
      },
      "n_samples": {
        "mean": 114.0,
        "std": 0.0,
        "min": 114.0,
        "max": 114.0,
        "n": 3
      }
    }
  },
  "qm9_gap": {
    "dko_invariants": {
      "rmse": {
        "mean": 0.03966897752037878,
        "std": 0.0006263529098426721,
        "min": 0.0387955454597775,
        "max": 0.040233420909291155,
        "n": 3
      },
      "mae": {
        "mean": 0.03200003691017628,
        "std": 0.0005890386814014892,
        "min": 0.031173592433333397,
        "max": 0.03250376880168915,
        "n": 3
      },
      "r2": {
        "mean": 0.3639299472173055,
        "std": 0.019983244326807318,
        "min": 0.3458631634712219,
        "max": 0.3917832374572754,
        "n": 3
      },
      "pearson": {
        "mean": 0.6195717851320902,
        "std": 0.013525651178603307,
        "min": 0.601322591304779,
        "max": 0.6336602568626404,
        "n": 3
      },
      "pearson_p": {
        "mean": 1.9301736042659616e-95,
        "std": 2.7296776857224196e-95,
        "min": 2.3552456027522445e-108,
        "max": 5.7905208083218107e-95,
        "n": 3
      },
      "spearman": {
        "mean": 0.6179368802450028,
        "std": 0.012360930623109655,
        "min": 0.6052157728014701,
        "max": 0.6346810257278876,
        "n": 3
      },
      "spearman_p": {
        "mean": 5.68483743068306e-97,
        "std": 8.035746868362347e-97,
        "min": 8.37924318462252e-109,
        "max": 1.7049099205986537e-96,
        "n": 3
      },
      "n_samples": {
        "mean": 955.0,
        "std": 0.0,
        "min": 955.0,
        "max": 955.0,
        "n": 3
      }
    }
  },
  "qm9_lumo": {
    "dko_invariants": {
      "rmse": {
        "mean": 0.035536271268573644,
        "std": 0.00014245283977372115,
        "min": 0.03540628154015462,
        "max": 0.035734556118223015,
        "n": 3
      },
      "mae": {
        "mean": 0.028644849856694538,
        "std": 9.802133835712316e-05,
        "min": 0.02850886434316635,
        "max": 0.02873614989221096,
        "n": 3
      },
      "r2": {
        "mean": 0.47903011242548627,
        "std": 0.004181818474209576,
        "min": 0.47320854663848877,
        "max": 0.4828428030014038,
        "n": 3
      },
      "pearson": {
        "mean": 0.693984309832255,
        "std": 0.0038196919980305034,
        "min": 0.6885841488838196,
        "max": 0.6968017220497131,
        "n": 3
      },
      "pearson_p": {
        "mean": 1.225128298334955e-135,
        "std": 1.732414404579714e-135,
        "min": 1.073316391294663e-139,
        "max": 3.6751322448439335e-135,
        "n": 3
      },
      "spearman": {
        "mean": 0.672837607081819,
        "std": 0.006048778835132306,
        "min": 0.6642838702587464,
        "max": 0.6771968032877338,
        "n": 3
      },
      "spearman_p": {
        "mean": 4.49620572352773e-123,
        "std": 6.358588811726817e-123,
        "min": 4.019688859108218e-129,
        "max": 1.3488608258625603e-122,
        "n": 3
      },
      "n_samples": {
        "mean": 955.0,
        "std": 0.0,
        "min": 955.0,
        "max": 955.0,
        "n": 3
      }
    }
  },
  "lipophilicity": {
    "dko_invariants": {
      "rmse": {
        "mean": 1.1310299351239879,
        "std": 0.007703204917490685,
        "min": 1.1223754467923455,
        "max": 1.1410872685377509,
        "n": 3
      },
      "mae": {
        "mean": 0.9091385006904602,
        "std": 0.011930424075371043,
        "min": 0.8939544558525085,
        "max": 0.9231012463569641,
        "n": 3
      },
      "r2": {
        "mean": 0.05687872568766276,
        "std": 0.012857924389168626,
        "min": 0.040075838565826416,
        "max": 0.07129985094070435,
        "n": 3
      },
      "pearson": {
        "mean": 0.2657415171464284,
        "std": 0.004325219089272095,
        "min": 0.2614639103412628,
        "max": 0.27166685461997986,
        "n": 3
      },
      "pearson_p": {
        "mean": 3.624041729498058e-08,
        "std": 1.596368770412658e-08,
        "min": 1.5344050401412902e-08,
        "max": 5.4088963953079103e-08,
        "n": 3
      },
      "spearman": {
        "mean": 0.1986862064652819,
        "std": 0.0309214110685262,
        "min": 0.1736103615808171,
        "max": 0.24224995679656275,
        "n": 3
      },
      "spearman_p": {
        "mean": 0.0001855563147832142,
        "std": 0.00014371131838117,
        "min": 5.03720447806062e-07,
        "max": 0.00035085669761045907,
        "n": 3
      },
      "n_samples": {
        "mean": 420.0,
        "std": 0.0,
        "min": 420.0,
        "max": 420.0,
        "n": 3
      }
    }
  }
}