{
  "bde": {
    "dko_first_order": {
      "rmse": {
        "mean": 24.394209545992727,
        "std": 0.20028650026098546,
        "min": 24.122896250971944,
        "max": 24.600320755022686,
        "n": 3
      },
      "mae": {
        "mean": 20.734773635864258,
        "std": 0.1727092708406969,
        "min": 20.501953125,
        "max": 20.91512680053711,
        "n": 3
      },
      "r2": {
        "mean": -0.08134345213572185,
        "std": 0.017722345325148547,
        "min": -0.09961950778961182,
        "max": -0.057352423667907715,
        "n": 3
      },
      "pearson": {
        "mean": 0.09412338336308797,
        "std": 0.0076800925637226635,
        "min": 0.0832626149058342,
        "max": 0.09964603930711746,
        "n": 3
      },
      "pearson_p": {
        "mean": 0.0017831480853392116,
        "std": 0.0016696369732561432,
        "min": 0.0005954473944290335,
        "max": 0.004144357119715289,
        "n": 3
      },
      "spearman": {
        "mean": 0.07682351436810318,
        "std": 0.009159585764134517,
        "min": 0.0657034628012865,
        "max": 0.08813726563325872,
        "n": 3
      },
      "spearman_p": {
        "mean": 0.011504056891578,
        "std": 0.009004424646860486,
        "min": 0.00240179306433223,
        "max": 0.02376758724835025,
        "n": 3
      },
      "n_samples": {
        "mean": 1184.0,
        "std": 0.0,
        "min": 1184.0,
        "max": 1184.0,
        "n": 3
      }
    }
  }
}