{
  "bace": {
    "dko_crossattn": {
      "auc": {
        "mean": NaN,
        "std": NaN,
        "min": NaN,
        "max": NaN,
        "n": 3
      },
      "auc_pr": {
        "mean": NaN,
        "std": NaN,
        "min": NaN,
        "max": NaN,
        "n": 3
      },
      "accuracy": {
        "mean": 0.2456140350877193,
        "std": 0.015506727657599735,
        "min": 0.2236842105263158,
        "max": 0.2565789473684211,
        "n": 3
      },
      "precision": {
        "mean": 0.0,
        "std": 0.0,
        "min": 0.0,
        "max": 0.0,
        "n": 3
      },
      "recall": {
        "mean": 0.0,
        "std": 0.0,
        "min": 0.0,
        "max": 0.0,
        "n": 3
      },
      "f1": {
        "mean": 0.0,
        "std": 0.0,
        "min": 0.0,
        "max": 0.0,
        "n": 3
      },
      "specificity": {
        "mean": 0.2456140350877193,
        "std": 0.015506727657599735,
        "min": 0.2236842105263158,
        "max": 0.2565789473684211,
        "n": 3
      },
      "n_samples": {
        "mean": 152.0,
        "std": 0.0,
        "min": 152.0,
        "max": 152.0,
        "n": 3
      }
    }
  },
  "freesolv": {
    "dko_crossattn": {
      "rmse": {
        "mean": 4.49204029712994,
        "std": 0.04333061930276796,
        "min": 4.438583456667976,
        "max": 4.544712666744356,
        "n": 3
      },
      "mae": {
        "mean": 3.3097774982452393,
        "std": 0.027616318975130016,
        "min": 3.287727117538452,
        "max": 3.3487191200256348,
        "n": 3
      },
      "r2": {
        "mean": -0.4520069758097331,
        "std": 0.028006264697259118,
        "min": -0.48611998558044434,
        "max": -0.41752195358276367,
        "n": 3
      },
      "pearson": {
        "mean": 0.12413576990365982,
        "std": 0.018796383714063458,
        "min": 0.09943682700395584,
        "max": 0.14499568939208984,
        "n": 3
      },
      "pearson_p": {
        "mean": 0.37092409529263226,
        "std": 0.07441460874468359,
        "min": 0.2908713379911298,
        "max": 0.4701110015632126,
        "n": 3
      },
      "spearman": {
        "mean": 0.1079784261191074,
        "std": 0.013860701922960525,
        "min": 0.08842469843566063,
        "max": 0.11894583057624362,
        "n": 3
      },
      "spearman_p": {
        "mean": 0.4348919141853325,
        "std": 0.06093802021585896,
        "min": 0.3870712421099306,
        "max": 0.5208913068549015,
        "n": 3
      },
      "n_samples": {
        "mean": 55.0,
        "std": 0.0,
        "min": 55.0,
        "max": 55.0,
        "n": 3
      }
    }
  },
  "bbbp": {
    "dko_crossattn": {
      "auc": {
        "mean": NaN,
        "std": NaN,
        "min": NaN,
        "max": NaN,
        "n": 3
      },
      "auc_pr": {
        "mean": NaN,
        "std": NaN,
        "min": NaN,
        "max": NaN,
        "n": 3
      },
      "accuracy": {
        "mean": 0.988562091503268,
        "std": 0.0023108064744658333,
        "min": 0.9852941176470589,
        "max": 0.9901960784313726,
        "n": 3
      },
      "precision": {
        "mean": 1.0,
        "std": 0.0,
        "min": 1.0,
        "max": 1.0,
        "n": 3
      },
      "recall": {
        "mean": 0.988562091503268,
        "std": 0.0023108064744658333,
        "min": 0.9852941176470589,
        "max": 0.9901960784313726,
        "n": 3
      },
      "f1": {
        "mean": 0.9942467919479414,
        "std": 0.0011696955816015461,
        "min": 0.9925925925925926,
        "max": 0.9950738916256158,
        "n": 3
      },
      "specificity": {
        "mean": 0.0,
        "std": 0.0,
        "min": 0.0,
        "max": 0.0,
        "n": 3
      },
      "n_samples": {
        "mean": 204.0,
        "std": 0.0,
        "min": 204.0,
        "max": 204.0,
        "n": 3
      }
    }
  },
  "qm9_homo": {
    "dko_crossattn": {
      "rmse": {
        "mean": 0.019572683894308617,
        "std": 0.0005198089476072185,
        "min": 0.018936259433123163,
        "max": 0.02020952591309195,
        "n": 3
      },
      "mae": {
        "mean": 0.0146260354667902,
        "std": 0.00034969562846872294,
        "min": 0.01423907745629549,
        "max": 0.015086213126778603,
        "n": 3
      },
      "r2": {
        "mean": 0.08449782927831014,
        "std": 0.04859625121377265,
        "min": 0.02464061975479126,
        "max": 0.14367073774337769,
        "n": 3
      },
      "pearson": {
        "mean": 0.3594912588596344,
        "std": 0.022309275509628152,
        "min": 0.34371182322502136,
        "max": 0.3910413384437561,
        "n": 3
      },
      "pearson_p": {
        "mean": 4.77952104579361e-28,
        "std": 3.379645538755468e-28,
        "min": 2.986788631191945e-36,
        "max": 7.181117735060091e-28,
        "n": 3
      },
      "spearman": {
        "mean": 0.27737435044036135,
        "std": 0.011127769429446554,
        "min": 0.26334015835397856,
        "max": 0.2905576420751855,
        "n": 3
      },
      "spearman_p": {
        "mean": 4.390552319820504e-17,
        "std": 6.068497141115886e-17,
        "min": 4.916856853017777e-20,
        "max": 1.2972003513717708e-16,
        "n": 3
      },
      "n_samples": {
        "mean": 955.0,
        "std": 0.0,
        "min": 955.0,
        "max": 955.0,
        "n": 3
      }
    }
  }
}