{
  "kraken_B5": {
    "dko_gated": {
      "rmse": {
        "mean": 1.1763025040228199,
        "std": 0.03017869546508191,
        "min": 1.134496450096686,
        "max": 1.2046433318238448,
        "n": 3
      },
      "mae": {
        "mean": 0.9009505112965902,
        "std": 0.012143084324508589,
        "min": 0.8862183690071106,
        "max": 0.9159588813781738,
        "n": 3
      },
      "r2": {
        "mean": 0.14511187871297201,
        "std": 0.043510591222039076,
        "min": 0.10401153564453125,
        "max": 0.20532095432281494,
        "n": 3
      },
      "pearson": {
        "mean": 0.5058683057626089,
        "std": 0.03790075982415188,
        "min": 0.45661768317222595,
        "max": 0.548809826374054,
        "n": 3
      },
      "pearson_p": {
        "mean": 6.970663873933205e-10,
        "std": 9.798926811006241e-10,
        "min": 1.1949867242795965e-13,
        "max": 2.0828359685626122e-09,
        "n": 3
      },
      "spearman": {
        "mean": 0.5101052088107769,
        "std": 0.032123387076616314,
        "min": 0.47005737225585176,
        "max": 0.5487031973573991,
        "n": 3
      },
      "spearman_p": {
        "mean": 2.0215944043345768e-10,
        "std": 2.7959645389233e-10,
        "min": 1.210711462972588e-13,
        "max": 5.975366359168781e-10,
        "n": 3
      },
      "n_samples": {
        "mean": 156.0,
        "std": 0.0,
        "min": 156.0,
        "max": 156.0,
        "n": 3
      }
    }
  },
  "kraken_L": {
    "dko_gated": {
      "rmse": {
        "mean": 1.3223629949679598,
        "std": 0.011699429997707992,
        "min": 1.3123852361731692,
        "max": 1.338782020492227,
        "n": 3
      },
      "mae": {
        "mean": 0.9486968914667765,
        "std": 0.009024447575142324,
        "min": 0.9363006353378296,
        "max": 0.9575238227844238,
        "n": 3
      },
      "r2": {
        "mean": 0.07078440984090169,
        "std": 0.016488872670430386,
        "min": 0.04764062166213989,
        "max": 0.08482575416564941,
        "n": 3
      },
      "pearson": {
        "mean": 0.3819872538248698,
        "std": 0.019290542509518126,
        "min": 0.3547065556049347,
        "max": 0.3957284688949585,
        "n": 3
      },
      "pearson_p": {
        "mean": 2.0590763091445604e-06,
        "std": 2.460610768940647e-06,
        "min": 3.167617216473356e-07,
        "max": 5.538904326266632e-06,
        "n": 3
      },
      "spearman": {
        "mean": 0.39062024202767986,
        "std": 0.01451016963727345,
        "min": 0.37010004583458456,
        "max": 0.4009735897962731,
        "n": 3
      },
      "spearman_p": {
        "mean": 8.03719635160621e-07,
        "std": 8.326055443732754e-07,
        "min": 2.1345816863645474e-07,
        "max": 1.981200378132135e-06,
        "n": 3
      },
      "n_samples": {
        "mean": 156.0,
        "std": 0.0,
        "min": 156.0,
        "max": 156.0,
        "n": 3
      }
    }
  },
  "kraken_burB5": {
    "dko_gated": {
      "rmse": {
        "mean": 0.6525406300353455,
        "std": 0.005639091080475573,
        "min": 0.645553356416498,
        "max": 0.6593633099283546,
        "n": 3
      },
      "mae": {
        "mean": 0.5034825007120768,
        "std": 0.00747983618658488,
        "min": 0.49292421340942383,
        "max": 0.5093218684196472,
        "n": 3
      },
      "r2": {
        "mean": 0.09759287039438884,
        "std": 0.01559271195950296,
        "min": 0.07869267463684082,
        "max": 0.11688095331192017,
        "n": 3
      },
      "pearson": {
        "mean": 0.5147619744141897,
        "std": 0.012669307732187269,
        "min": 0.4971071183681488,
        "max": 0.52623450756073,
        "n": 3
      },
      "pearson_p": {
        "mean": 1.5229585833001345e-11,
        "std": 1.811270492324898e-11,
        "min": 1.7239532963790732e-12,
        "max": 4.083189909179817e-11,
        "n": 3
      },
      "spearman": {
        "mean": 0.486965592451518,
        "std": 0.013152048694036696,
        "min": 0.47185282356845937,
        "max": 0.5039117447171689,
        "n": 3
      },
      "spearman_p": {
        "mean": 2.2051184124667999e-10,
        "std": 2.0590465466946647e-10,
        "min": 2.0019317322960552e-11,
        "max": 5.036437262352035e-10,
        "n": 3
      },
      "n_samples": {
        "mean": 156.0,
        "std": 0.0,
        "min": 156.0,
        "max": 156.0,
        "n": 3
      }
    }
  },
  "kraken_burL": {
    "dko_gated": {
      "rmse": {
        "mean": 0.40932014377764386,
        "std": 0.022986502427073008,
        "min": 0.38176318790262276,
        "max": 0.43803279654744276,
        "n": 3
      },
      "mae": {
        "mean": 0.31214432915051776,
        "std": 0.014606292267923458,
        "min": 0.29221174120903015,
        "max": 0.3268047273159027,
        "n": 3
      },
      "r2": {
        "mean": -0.1435553034146627,
        "std": 0.12833081510054647,
        "min": -0.3054995536804199,
        "max": 0.0083656907081604,
        "n": 3
      },
      "pearson": {
        "mean": 0.4025296668211619,
        "std": 0.02424135343007459,
        "min": 0.3732755184173584,
        "max": 0.4326361119747162,
        "n": 3
      },
      "pearson_p": {
        "mean": 6.03739380747016e-07,
        "std": 7.028216851149848e-07,
        "min": 1.6975019423438193e-08,
        "max": 1.5919007852002197e-06,
        "n": 3
      },
      "spearman": {
        "mean": 0.22433458378677026,
        "std": 0.02944113501717723,
        "min": 0.2026190534519239,
        "max": 0.26595754769167546,
        "n": 3
      },
      "spearman_p": {
        "mean": 0.007484211195044305,
        "std": 0.0047415018493940555,
        "min": 0.0007915314156176456,
        "max": 0.011189421129831073,
        "n": 3
      },
      "n_samples": {
        "mean": 156.0,
        "std": 0.0,
        "min": 156.0,
        "max": 156.0,
        "n": 3
      }
    }
  }
}