{
  "kraken_B5": {
    "mean_ensemble": {
      "rmse": {
        "mean": 0.982185122200625,
        "std": 0.018262506689791368,
        "min": 0.9654543407949705,
        "max": 1.0075898626873838,
        "n": 3
      },
      "mae": {
        "mean": 0.7803729772567749,
        "std": 0.013873754681656308,
        "min": 0.7698907852172852,
        "max": 0.799977719783783,
        "n": 3
      },
      "r2": {
        "mean": 0.40417007605234784,
        "std": 0.022274538478196753,
        "min": 0.3731652498245239,
        "max": 0.4244951605796814,
        "n": 3
      },
      "pearson": {
        "mean": 0.6532037456830343,
        "std": 0.017108025999799218,
        "min": 0.6353293657302856,
        "max": 0.6762620806694031,
        "n": 3
      },
      "pearson_p": {
        "mean": 1.92907280812188e-19,
        "std": 2.312482721518593e-19,
        "min": 3.4146312412006554e-22,
        "max": 5.181060026823756e-19,
        "n": 3
      },
      "spearman": {
        "mean": 0.6585344523293978,
        "std": 0.009118454244622964,
        "min": 0.6475889428015994,
        "max": 0.6699119659875771,
        "n": 3
      },
      "spearman_p": {
        "mean": 2.54098461635621e-20,
        "std": 2.819850706274713e-20,
        "min": 1.1481536750915703e-21,
        "max": 6.494984068073479e-20,
        "n": 3
      },
      "n_samples": {
        "mean": 156.0,
        "std": 0.0,
        "min": 156.0,
        "max": 156.0,
        "n": 3
      }
    }
  },
  "kraken_L": {
    "mean_ensemble": {
      "rmse": {
        "mean": 1.2281158744698584,
        "std": 0.02854659910260967,
        "min": 1.193825438747126,
        "max": 1.2637133819979989,
        "n": 3
      },
      "mae": {
        "mean": 0.8853967785835266,
        "std": 0.015927440128179683,
        "min": 0.8630375266075134,
        "max": 0.8989371061325073,
        "n": 3
      },
      "r2": {
        "mean": 0.1981476346651713,
        "std": 0.03728767232544273,
        "min": 0.1514483094215393,
        "max": 0.2427089810371399,
        "n": 3
      },
      "pearson": {
        "mean": 0.454170823097229,
        "std": 0.04122363932091241,
        "min": 0.40437912940979004,
        "max": 0.5053282976150513,
        "n": 3
      },
      "pearson_p": {
        "mean": 5.5851614475133125e-08,
        "std": 7.69046710463379e-08,
        "min": 1.72244449972641e-11,
        "max": 1.6459815633025763e-07,
        "n": 3
      },
      "spearman": {
        "mean": 0.4702080468671797,
        "std": 0.04716342347264827,
        "min": 0.4054622180777923,
        "max": 0.5164577768645982,
        "n": 3
      },
      "spearman_p": {
        "mean": 5.0515857950163025e-08,
        "std": 7.136842477621857e-08,
        "min": 5.157951605470112e-12,
        "max": 1.514460384533811e-07,
        "n": 3
      },
      "n_samples": {
        "mean": 156.0,
        "std": 0.0,
        "min": 156.0,
        "max": 156.0,
        "n": 3
      }
    }
  },
  "kraken_burB5": {
    "mean_ensemble": {
      "rmse": {
        "mean": 0.5924120917809154,
        "std": 0.02510897330875515,
        "min": 0.5629155690201063,
        "max": 0.6242821862902659,
        "n": 3
      },
      "mae": {
        "mean": 0.46217774351437885,
        "std": 0.012380060649306081,
        "min": 0.4489920735359192,
        "max": 0.4787456691265106,
        "n": 3
      },
      "r2": {
        "mean": 0.2549553910891215,
        "std": 0.06323822903888988,
        "min": 0.17412018775939941,
        "max": 0.3285070061683655,
        "n": 3
      },
      "pearson": {
        "mean": 0.595370352268219,
        "std": 0.030123553496181055,
        "min": 0.5528994202613831,
        "max": 0.6194881200790405,
        "n": 3
      },
      "pearson_p": {
        "mean": 2.4042321349100406e-14,
        "std": 3.3984846903476515e-14,
        "min": 6.630105213422528e-18,
        "max": 7.210415243880962e-14,
        "n": 3
      },
      "spearman": {
        "mean": 0.5542370649007181,
        "std": 0.040358140471840005,
        "min": 0.4971788022948902,
        "max": 0.5839642174139811,
        "n": 3
      },
      "spearman_p": {
        "mean": 1.3510939720029747e-11,
        "std": 1.9105277968467604e-11,
        "min": 1.2283432121733398e-15,
        "max": 4.052988293452603e-11,
        "n": 3
      },
      "n_samples": {
        "mean": 156.0,
        "std": 0.0,
        "min": 156.0,
        "max": 156.0,
        "n": 3
      }
    }
  },
  "kraken_burL": {
    "mean_ensemble": {
      "rmse": {
        "mean": 0.3871391347275259,
        "std": 0.02320072830582681,
        "min": 0.3668812428256839,
        "max": 0.4196203524343815,
        "n": 3
      },
      "mae": {
        "mean": 0.29356858134269714,
        "std": 0.022245359291903872,
        "min": 0.275259405374527,
        "max": 0.32487863302230835,
        "n": 3
      },
      "r2": {
        "mean": -0.02342154582341512,
        "std": 0.12458891573429186,
        "min": -0.19805443286895752,
        "max": 0.08417081832885742,
        "n": 3
      },
      "pearson": {
        "mean": 0.39550472299257916,
        "std": 0.017230096282192516,
        "min": 0.371638685464859,
        "max": 0.4116949141025543,
        "n": 3
      },
      "pearson_p": {
        "mean": 6.853745541521652e-07,
        "std": 7.765674052446275e-07,
        "min": 9.324552289454931e-08,
        "max": 1.7824526839530409e-06,
        "n": 3
      },
      "spearman": {
        "mean": 0.3344196656709498,
        "std": 0.020738173364546607,
        "min": 0.31427984384631186,
        "max": 0.36295301164830646,
        "n": 3
      },
      "spearman_p": {
        "mean": 3.3510650853252426e-05,
        "std": 2.5048609976720536e-05,
        "min": 3.2144839472491e-06,
        "max": 6.455703596874266e-05,
        "n": 3
      },
      "n_samples": {
        "mean": 156.0,
        "std": 0.0,
        "min": 156.0,
        "max": 156.0,
        "n": 3
      }
    }
  }
}