{
  "esol": {
    "dko_invariants": {
      "rmse": {
        "mean": 1.7649286278374323,
        "std": 0.050270988552898604,
        "min": 1.7029227040389698,
        "max": 1.8563836020738564,
        "n": 10
      },
      "mae": {
        "mean": 1.3367085337638855,
        "std": 0.03747203854133506,
        "min": 1.2876797914505005,
        "max": 1.3947601318359375,
        "n": 10
      },
      "r2": {
        "mean": 0.2363482177257538,
        "std": 0.04370743096795368,
        "min": 0.15584087371826172,
        "max": 0.28963959217071533,
        "n": 10
      },
      "pearson": {
        "mean": 0.5368841350078583,
        "std": 0.03259479553239498,
        "min": 0.48710498213768005,
        "max": 0.5811751484870911,
        "n": 10
      },
      "pearson_p": {
        "mean": 8.682597078708981e-09,
        "std": 1.371218566848901e-08,
        "min": 1.2066326468754681e-11,
        "max": 3.8901622826433674e-08,
        "n": 10
      },
      "spearman": {
        "mean": 0.46172198401676584,
        "std": 0.02261398530543466,
        "min": 0.41567115365520785,
        "max": 0.49241743164757035,
        "n": 10
      },
      "spearman_p": {
        "mean": 7.308066051171371e-07,
        "std": 1.2537634826742868e-06,
        "min": 2.6246386880970166e-08,
        "max": 4.242844125154391e-06,
        "n": 10
      },
      "n_samples": {
        "mean": 114.0,
        "std": 0.0,
        "min": 114.0,
        "max": 114.0,
        "n": 10
      }
    }
  },
  "lipophilicity": {
    "dko_invariants": {
      "rmse": {
        "mean": 1.1396432083504076,
        "std": 0.007689319582577379,
        "min": 1.1223754467923455,
        "max": 1.1489458580873073,
        "n": 10
      },
      "mae": {
        "mean": 0.9154573261737824,
        "std": 0.009982591935849132,
        "min": 0.8939544558525085,
        "max": 0.9262250661849976,
        "n": 10
      },
      "r2": {
        "mean": 0.04246031641960144,
        "std": 0.01287474405946428,
        "min": 0.026808440685272217,
        "max": 0.07129985094070435,
        "n": 10
      },
      "pearson": {
        "mean": 0.2397752583026886,
        "std": 0.021911155916003913,
        "min": 0.19976820051670074,
        "max": 0.27166685461997986,
        "n": 10
      },
      "pearson_p": {
        "mean": 5.471598854523056e-06,
        "std": 1.1100419080202512e-05,
        "min": 1.5344050401412902e-08,
        "max": 3.732152560111523e-05,
        "n": 10
      },
      "spearman": {
        "mean": 0.15564177267320703,
        "std": 0.04521879408234586,
        "min": 0.07095947954881769,
        "max": 0.24224995679656275,
        "n": 10
      },
      "spearman_p": {
        "mean": 0.019036200257083854,
        "std": 0.043355114495733434,
        "min": 5.03720447806062e-07,
        "max": 0.14657583842658328,
        "n": 10
      },
      "n_samples": {
        "mean": 420.0,
        "std": 0.0,
        "min": 420.0,
        "max": 420.0,
        "n": 10
      }
    }
  }
}