{
  "drugs_ip": {
    "dko_gated": {
      "rmse": {
        "mean": 0.9078256829721272,
        "std": 0.008734192942224763,
        "min": 0.8956303403472875,
        "max": 0.9156217073765424,
        "n": 3
      },
      "mae": {
        "mean": 0.7153757214546204,
        "std": 0.006794860096522593,
        "min": 0.7061994671821594,
        "max": 0.7224341630935669,
        "n": 3
      },
      "r2": {
        "mean": 0.06955476601918538,
        "std": 0.017847971826621407,
        "min": 0.05359315872192383,
        "max": 0.09446913003921509,
        "n": 3
      },
      "pearson": {
        "mean": 0.30111462871233624,
        "std": 0.0184397801864005,
        "min": 0.28162187337875366,
        "max": 0.3258630931377411,
        "n": 3
      },
      "pearson_p": {
        "mean": 2.471886310166672e-272,
        "std": 0.0,
        "min": 0.0,
        "max": 7.415658930500016e-272,
        "n": 3
      },
      "spearman": {
        "mean": 0.285204133272347,
        "std": 0.01879132315324056,
        "min": 0.26306033257704226,
        "max": 0.3090004120664791,
        "n": 3
      },
      "spearman_p": {
        "mean": 1.097501257085836e-236,
        "std": 0.0,
        "min": 0.0,
        "max": 3.2925037712575077e-236,
        "n": 3
      },
      "n_samples": {
        "mean": 15021.0,
        "std": 0.0,
        "min": 15021.0,
        "max": 15021.0,
        "n": 3
      }
    }
  },
  "drugs_ea": {
    "dko_gated": {
      "rmse": {
        "mean": 0.8659890605268817,
        "std": 0.0011979375445303638,
        "min": 0.864384149487797,
        "max": 0.8672613851328312,
        "n": 3
      },
      "mae": {
        "mean": 0.683340311050415,
        "std": 0.0019334309738805373,
        "min": 0.6806403994560242,
        "max": 0.6850645542144775,
        "n": 3
      },
      "r2": {
        "mean": 0.05810260772705078,
        "std": 0.00260516355187079,
        "min": 0.05533468723297119,
        "max": 0.06159234046936035,
        "n": 3
      },
      "pearson": {
        "mean": 0.2655208110809326,
        "std": 0.008132096355256418,
        "min": 0.2540224492549896,
        "max": 0.27146297693252563,
        "n": 3
      },
      "pearson_p": {
        "mean": 2.4488556884870967e-220,
        "std": 0.0,
        "min": 5.356981746326054e-252,
        "max": 7.34656706546129e-220,
        "n": 3
      },
      "spearman": {
        "mean": 0.2606564872137225,
        "std": 0.011461723999545962,
        "min": 0.24451206331953027,
        "max": 0.2699836327870028,
        "n": 3
      },
      "spearman_p": {
        "mean": 7.820349616155974e-204,
        "std": 0.0,
        "min": 3.5486127404709804e-249,
        "max": 2.346104884846792e-203,
        "n": 3
      },
      "n_samples": {
        "mean": 15021.0,
        "std": 0.0,
        "min": 15021.0,
        "max": 15021.0,
        "n": 3
      }
    }
  },
  "drugs_chi": {
    "dko_gated": {
      "rmse": {
        "mean": 0.5260220970412891,
        "std": 0.0025290246211004974,
        "min": 0.5226174663757086,
        "max": 0.5286732621116249,
        "n": 3
      },
      "mae": {
        "mean": 0.41310341159502667,
        "std": 0.0024142794747613137,
        "min": 0.4098129868507385,
        "max": 0.41553789377212524,
        "n": 3
      },
      "r2": {
        "mean": 0.21775305271148682,
        "std": 0.0075140697864542645,
        "min": 0.20986634492874146,
        "max": 0.22786420583724976,
        "n": 3
      },
      "pearson": {
        "mean": 0.4782957931359609,
        "std": 0.003901989684377437,
        "min": 0.4745308458805084,
        "max": 0.4836721420288086,
        "n": 3
      },
      "pearson_p": {
        "mean": 0.0,
        "std": 0.0,
        "min": 0.0,
        "max": 0.0,
        "n": 3
      },
      "spearman": {
        "mean": 0.4690499943354775,
        "std": 0.003269368467376261,
        "min": 0.4645077625489948,
        "max": 0.47206894247034187,
        "n": 3
      },
      "spearman_p": {
        "mean": 0.0,
        "std": 0.0,
        "min": 0.0,
        "max": 0.0,
        "n": 3
      },
      "n_samples": {
        "mean": 15021.0,
        "std": 0.0,
        "min": 15021.0,
        "max": 15021.0,
        "n": 3
      }
    }
  }
}