{
  "drugs_ip": {
    "dko_invariants": {
      "rmse": {
        "mean": 0.904948695163433,
        "std": 0.0038389109570333823,
        "min": 0.9003694742825743,
        "max": 0.9097639556384628,
        "n": 3
      },
      "mae": {
        "mean": 0.7152610222498575,
        "std": 0.003557164472895838,
        "min": 0.7112126350402832,
        "max": 0.7198713421821594,
        "n": 3
      },
      "r2": {
        "mean": 0.0755117138226827,
        "std": 0.00784497291675731,
        "min": 0.06566393375396729,
        "max": 0.08486068248748779,
        "n": 3
      },
      "pearson": {
        "mean": 0.30822664499282837,
        "std": 0.004731983386075787,
        "min": 0.30369049310684204,
        "max": 0.3147555887699127,
        "n": 3
      },
      "pearson_p": {
        "mean": 1.909248e-318,
        "std": 0.0,
        "min": 0.0,
        "max": 5.727723e-318,
        "n": 3
      },
      "spearman": {
        "mean": 0.2932372330383739,
        "std": 0.005261325680090015,
        "min": 0.2882988447803077,
        "max": 0.30052634033336834,
        "n": 3
      },
      "spearman_p": {
        "mean": 7.507208454658953e-286,
        "std": 0.0,
        "min": 0.0,
        "max": 2.2521522235782426e-285,
        "n": 3
      },
      "n_samples": {
        "mean": 15021.0,
        "std": 0.0,
        "min": 15021.0,
        "max": 15021.0,
        "n": 3
      }
    }
  },
  "drugs_ea": {
    "dko_invariants": {
      "rmse": {
        "mean": 0.864909454292071,
        "std": 0.0002962390935245997,
        "min": 0.8644905423540035,
        "max": 0.8651234919536682,
        "n": 3
      },
      "mae": {
        "mean": 0.6841582854588827,
        "std": 0.001405429175578161,
        "min": 0.6828674674034119,
        "max": 0.6861125826835632,
        "n": 3
      },
      "r2": {
        "mean": 0.06045130888621012,
        "std": 0.0006435213098490622,
        "min": 0.05998635292053223,
        "max": 0.06136131286621094,
        "n": 3
      },
      "pearson": {
        "mean": 0.2630870044231415,
        "std": 0.009072539015052781,
        "min": 0.25385257601737976,
        "max": 0.2754185199737549,
        "n": 3
      },
      "pearson_p": {
        "mean": 4.8979833385874024e-220,
        "std": 0.0,
        "min": 1.251441003986312e-259,
        "max": 1.469395001562267e-219,
        "n": 3
      },
      "spearman": {
        "mean": 0.25893225728653874,
        "std": 0.010738660960221776,
        "min": 0.24818963990594417,
        "max": 0.2736000915476338,
        "n": 3
      },
      "spearman_p": {
        "mean": 3.9405772598111525e-210,
        "std": 0.0,
        "min": 4.1839994021892706e-256,
        "max": 1.1821731779420376e-209,
        "n": 3
      },
      "n_samples": {
        "mean": 15021.0,
        "std": 0.0,
        "min": 15021.0,
        "max": 15021.0,
        "n": 3
      }
    }
  },
  "drugs_chi": {
    "dko_invariants": {
      "rmse": {
        "mean": 0.5295733399172525,
        "std": 0.0010490463702355884,
        "min": 0.5282770727940759,
        "max": 0.5308463863442751,
        "n": 3
      },
      "mae": {
        "mean": 0.4160274763902028,
        "std": 0.0010881300995693964,
        "min": 0.41470280289649963,
        "max": 0.4173680245876312,
        "n": 3
      },
      "r2": {
        "mean": 0.20717050631841025,
        "std": 0.003140977297416123,
        "min": 0.20335721969604492,
        "max": 0.2110501527786255,
        "n": 3
      },
      "pearson": {
        "mean": 0.47217366099357605,
        "std": 0.0013281593774504433,
        "min": 0.47063037753105164,
        "max": 0.47387251257896423,
        "n": 3
      },
      "pearson_p": {
        "mean": 0.0,
        "std": 0.0,
        "min": 0.0,
        "max": 0.0,
        "n": 3
      },
      "spearman": {
        "mean": 0.4632988645058738,
        "std": 0.000789003411587803,
        "min": 0.46219670559201753,
        "max": 0.46400068835474106,
        "n": 3
      },
      "spearman_p": {
        "mean": 0.0,
        "std": 0.0,
        "min": 0.0,
        "max": 0.0,
        "n": 3
      },
      "n_samples": {
        "mean": 15021.0,
        "std": 0.0,
        "min": 15021.0,
        "max": 15021.0,
        "n": 3
      }
    }
  }
}