{
  "esol": {
    "dko_lowrank": {
      "rmse": {
        "mean": 1.6806198532359158,
        "std": 0.023160903342297846,
        "min": 1.6482781789723753,
        "max": 1.7012799269197265,
        "n": 3
      },
      "mae": {
        "mean": 1.3048070669174194,
        "std": 0.04295041449299778,
        "min": 1.247544765472412,
        "max": 1.3509846925735474,
        "n": 3
      },
      "r2": {
        "mean": 0.30799325307210285,
        "std": 0.018987216997418076,
        "min": 0.29100942611694336,
        "max": 0.33449721336364746,
        "n": 3
      },
      "pearson": {
        "mean": 0.560873011747996,
        "std": 0.016486934098270453,
        "min": 0.5434474349021912,
        "max": 0.5830018520355225,
        "n": 3
      },
      "pearson_p": {
        "mean": 1.8634753375522257e-10,
        "std": 1.702199694724656e-10,
        "min": 1.0047312812261528e-11,
        "max": 4.1645161945250655e-10,
        "n": 3
      },
      "spearman": {
        "mean": 0.4697701796676103,
        "std": 0.025028889863724788,
        "min": 0.4466531391016636,
        "max": 0.5045422696528069,
        "n": 3
      },
      "spearman_p": {
        "mean": 3.131376346215171e-07,
        "std": 2.5388074169512276e-07,
        "min": 1.042204236007974e-08,
        "max": 6.316947105259652e-07,
        "n": 3
      },
      "n_samples": {
        "mean": 114.0,
        "std": 0.0,
        "min": 114.0,
        "max": 114.0,
        "n": 3
      }
    }
  },
  "qm9_gap": {
    "dko_lowrank": {
      "rmse": {
        "mean": 0.04175557101935284,
        "std": 0.00036419235789249125,
        "min": 0.041259463721079324,
        "max": 0.04212346736443205,
        "n": 3
      },
      "mae": {
        "mean": 0.033674185474713646,
        "std": 0.00048001695562817587,
        "min": 0.033191461116075516,
        "max": 0.034328896552324295,
        "n": 3
      },
      "r2": {
        "mean": 0.2953774134318034,
        "std": 0.012264565121467496,
        "min": 0.28296083211898804,
        "max": 0.31207382678985596,
        "n": 3
      },
      "pearson": {
        "mean": 0.58196093638738,
        "std": 0.0032733636613713557,
        "min": 0.5784066915512085,
        "max": 0.5863066911697388,
        "n": 3
      },
      "pearson_p": {
        "mean": 8.453381041199109e-87,
        "std": 1.034942709249936e-86,
        "min": 2.9858946146831415e-89,
        "max": 2.30309111557103e-86,
        "n": 3
      },
      "spearman": {
        "mean": 0.5733616684850332,
        "std": 0.0033248347574020318,
        "min": 0.5697030407983757,
        "max": 0.57774883725659,
        "n": 3
      },
      "spearman_p": {
        "mean": 1.036271574844713e-83,
        "std": 1.2798411921311477e-83,
        "min": 3.973691343575627e-86,
        "max": 2.839961205429161e-83,
        "n": 3
      },
      "n_samples": {
        "mean": 955.0,
        "std": 0.0,
        "min": 955.0,
        "max": 955.0,
        "n": 3
      }
    }
  },
  "qm9_lumo": {
    "dko_lowrank": {
      "rmse": {
        "mean": 0.03746524672885507,
        "std": 0.0003058863214188276,
        "min": 0.03703700713984565,
        "max": 0.03773235523206737,
        "n": 3
      },
      "mae": {
        "mean": 0.03038047378261884,
        "std": 0.00018730842090033302,
        "min": 0.03012566640973091,
        "max": 0.030570579692721367,
        "n": 3
      },
      "r2": {
        "mean": 0.42090731859207153,
        "std": 0.009430546797925888,
        "min": 0.41265976428985596,
        "max": 0.43410778045654297,
        "n": 3
      },
      "pearson": {
        "mean": 0.6497149467468262,
        "std": 0.007960090655345541,
        "min": 0.6427786946296692,
        "max": 0.6608616709709167,
        "n": 3
      },
      "pearson_p": {
        "mean": 7.057316225279994e-113,
        "std": 9.184675071138886e-113,
        "min": 6.3831047783443045e-121,
        "max": 2.0029654769235623e-112,
        "n": 3
      },
      "spearman": {
        "mean": 0.6313441966440879,
        "std": 0.007094297208226399,
        "min": 0.6216265478437711,
        "max": 0.6383638208182304,
        "n": 3
      },
      "spearman_p": {
        "mean": 1.1526115379819706e-103,
        "std": 1.6300274129917131e-103,
        "min": 1.9481891638691228e-110,
        "max": 3.457818412456705e-103,
        "n": 3
      },
      "n_samples": {
        "mean": 955.0,
        "std": 0.0,
        "min": 955.0,
        "max": 955.0,
        "n": 3
      }
    }
  },
  "lipophilicity": {
    "dko_lowrank": {
      "rmse": {
        "mean": 1.2744021210899283,
        "std": 0.04009111129656585,
        "min": 1.2262087755341256,
        "max": 1.3243637680722375,
        "n": 3
      },
      "mae": {
        "mean": 1.039183219273885,
        "std": 0.049496078105235874,
        "min": 0.9934817552566528,
        "max": 1.1079504489898682,
        "n": 3
      },
      "r2": {
        "mean": -0.19851024945576987,
        "std": 0.07541564245642556,
        "min": -0.29304540157318115,
        "max": -0.10848045349121094,
        "n": 3
      },
      "pearson": {
        "mean": 0.13121381402015686,
        "std": 0.032318103197060084,
        "min": 0.08612675964832306,
        "max": 0.16024254262447357,
        "n": 3
      },
      "pearson_p": {
        "mean": 0.027116022793067945,
        "std": 0.03590437868815266,
        "min": 0.0009823681881168573,
        "max": 0.07788511377049072,
        "n": 3
      },
      "spearman": {
        "mean": 0.16146117642281718,
        "std": 0.023543743329126503,
        "min": 0.1304118877770975,
        "max": 0.18739821868600615,
        "n": 3
      },
      "spearman_p": {
        "mean": 0.002722964804026602,
        "std": 0.0033472513262572576,
        "min": 0.0001118406665033076,
        "max": 0.0074479800769612315,
        "n": 3
      },
      "n_samples": {
        "mean": 420.0,
        "std": 0.0,
        "min": 420.0,
        "max": 420.0,
        "n": 3
      }
    }
  }
}