{
  "bace": {
    "dko_router": {
      "auc": {
        "mean": NaN,
        "std": NaN,
        "min": NaN,
        "max": NaN,
        "n": 3
      },
      "auc_pr": {
        "mean": NaN,
        "std": NaN,
        "min": NaN,
        "max": NaN,
        "n": 3
      },
      "accuracy": {
        "mean": 0.23245614035087717,
        "std": 0.0031013455315199415,
        "min": 0.23026315789473684,
        "max": 0.23684210526315788,
        "n": 3
      },
      "precision": {
        "mean": 0.0,
        "std": 0.0,
        "min": 0.0,
        "max": 0.0,
        "n": 3
      },
      "recall": {
        "mean": 0.0,
        "std": 0.0,
        "min": 0.0,
        "max": 0.0,
        "n": 3
      },
      "f1": {
        "mean": 0.0,
        "std": 0.0,
        "min": 0.0,
        "max": 0.0,
        "n": 3
      },
      "specificity": {
        "mean": 0.23245614035087717,
        "std": 0.0031013455315199415,
        "min": 0.23026315789473684,
        "max": 0.23684210526315788,
        "n": 3
      },
      "n_samples": {
        "mean": 152.0,
        "std": 0.0,
        "min": 152.0,
        "max": 152.0,
        "n": 3
      }
    }
  },
  "freesolv": {
    "dko_router": {
      "rmse": {
        "mean": 5.0690510551973516,
        "std": 0.13276299192896998,
        "min": 4.916642959451363,
        "max": 5.240217449830569,
        "n": 3
      },
      "mae": {
        "mean": 3.9967084725697837,
        "std": 0.12549884003518794,
        "min": 3.831230401992798,
        "max": 4.135014533996582,
        "n": 3
      },
      "r2": {
        "mean": -0.85008704662323,
        "std": 0.09711341221371128,
        "min": -0.9757847785949707,
        "max": -0.7393155097961426,
        "n": 3
      },
      "pearson": {
        "mean": 0.06358974116543929,
        "std": 0.0406959139624004,
        "min": 0.007563745602965355,
        "max": 0.1030067726969719,
        "n": 3
      },
      "pearson_p": {
        "mean": 0.657022279719849,
        "std": 0.21601973050051626,
        "min": 0.454239444181886,
        "max": 0.9562927695420951,
        "n": 3
      },
      "spearman": {
        "mean": 0.03848212090223229,
        "std": 0.06137236412664559,
        "min": -0.04195753744621514,
        "max": 0.10693219345707797,
        "n": 3
      },
      "spearman_p": {
        "mean": 0.6375165224542879,
        "std": 0.14296572780986824,
        "min": 0.4371309290533486,
        "max": 0.7610118825399965,
        "n": 3
      },
      "n_samples": {
        "mean": 55.0,
        "std": 0.0,
        "min": 55.0,
        "max": 55.0,
        "n": 3
      }
    }
  },
  "bbbp": {
    "dko_router": {
      "auc": {
        "mean": NaN,
        "std": NaN,
        "min": NaN,
        "max": NaN,
        "n": 3
      },
      "auc_pr": {
        "mean": NaN,
        "std": NaN,
        "min": NaN,
        "max": NaN,
        "n": 3
      },
      "accuracy": {
        "mean": 0.9754901960784313,
        "std": 0.004002434220233937,
        "min": 0.9705882352941176,
        "max": 0.9803921568627451,
        "n": 3
      },
      "precision": {
        "mean": 1.0,
        "std": 0.0,
        "min": 1.0,
        "max": 1.0,
        "n": 3
      },
      "recall": {
        "mean": 0.9754901960784313,
        "std": 0.004002434220233937,
        "min": 0.9705882352941176,
        "max": 0.9803921568627451,
        "n": 3
      },
      "f1": {
        "mean": 0.9875888962919476,
        "std": 0.0020511978897726603,
        "min": 0.9850746268656716,
        "max": 0.9900990099009901,
        "n": 3
      },
      "specificity": {
        "mean": 0.0,
        "std": 0.0,
        "min": 0.0,
        "max": 0.0,
        "n": 3
      },
      "n_samples": {
        "mean": 204.0,
        "std": 0.0,
        "min": 204.0,
        "max": 204.0,
        "n": 3
      }
    }
  },
  "qm9_homo": {
    "dko_router": {
      "rmse": {
        "mean": 0.02009346854378126,
        "std": 0.0004655687092273814,
        "min": 0.019626800195197056,
        "max": 0.020729042477221737,
        "n": 3
      },
      "mae": {
        "mean": 0.01512239407747984,
        "std": 0.0002715733214462468,
        "min": 0.014829222112894058,
        "max": 0.015483842231333256,
        "n": 3
      },
      "r2": {
        "mean": 0.035293241341908775,
        "std": 0.04493855701669618,
        "min": -0.026150107383728027,
        "max": 0.0800771713256836,
        "n": 3
      },
      "pearson": {
        "mean": 0.40111108620961505,
        "std": 0.016633171220185497,
        "min": 0.3783022165298462,
        "max": 0.4174965023994446,
        "n": 3
      },
      "pearson_p": {
        "mean": 2.470683163621025e-34,
        "std": 3.4940619492709143e-34,
        "min": 1.4272343693913016e-41,
        "max": 7.412032960042824e-34,
        "n": 3
      },
      "spearman": {
        "mean": 0.31287892037336157,
        "std": 0.018491458027154482,
        "min": 0.28887434625774594,
        "max": 0.33386654805359217,
        "n": 3
      },
      "spearman_p": {
        "mean": 2.738046911870013e-20,
        "std": 3.871174290381888e-20,
        "min": 2.6800103193532224e-26,
        "max": 8.212714034136314e-20,
        "n": 3
      },
      "n_samples": {
        "mean": 955.0,
        "std": 0.0,
        "min": 955.0,
        "max": 955.0,
        "n": 3
      }
    }
  }
}