{
  "drugs_ip": {
    "mean_ensemble": {
      "rmse": {
        "mean": 0.8560613268892174,
        "std": 0.0032905585623240496,
        "min": 0.852023918362359,
        "max": 0.8600840677712154,
        "n": 3
      },
      "mae": {
        "mean": 0.6724360187848409,
        "std": 0.003782805696684089,
        "min": 0.6675584316253662,
        "max": 0.6767777800559998,
        "n": 3
      },
      "r2": {
        "mean": 0.1727022131284078,
        "std": 0.006359836618393588,
        "min": 0.1649211049079895,
        "max": 0.18049943447113037,
        "n": 3
      },
      "pearson": {
        "mean": 0.4246627390384674,
        "std": 0.004795758654316476,
        "min": 0.41794201731681824,
        "max": 0.42881232500076294,
        "n": 3
      },
      "pearson_p": {
        "mean": 0.0,
        "std": 0.0,
        "min": 0.0,
        "max": 0.0,
        "n": 3
      },
      "spearman": {
        "mean": 0.4158307957371497,
        "std": 0.005773663579176456,
        "min": 0.40772517182935236,
        "max": 0.4207362110497512,
        "n": 3
      },
      "spearman_p": {
        "mean": 0.0,
        "std": 0.0,
        "min": 0.0,
        "max": 0.0,
        "n": 3
      },
      "n_samples": {
        "mean": 15021.0,
        "std": 0.0,
        "min": 15021.0,
        "max": 15021.0,
        "n": 3
      }
    }
  },
  "drugs_ea": {
    "mean_ensemble": {
      "rmse": {
        "mean": 0.7755553409728763,
        "std": 0.0019067818897099298,
        "min": 0.7728680527677303,
        "max": 0.7770928596205843,
        "n": 3
      },
      "mae": {
        "mean": 0.6070230404535929,
        "std": 0.002768150939749858,
        "min": 0.6032273769378662,
        "max": 0.6097507476806641,
        "n": 3
      },
      "r2": {
        "mean": 0.24454923470815024,
        "std": 0.003711586797960477,
        "min": 0.24155551195144653,
        "max": 0.24977999925613403,
        "n": 3
      },
      "pearson": {
        "mean": 0.49708570043245953,
        "std": 0.0033187818176721793,
        "min": 0.4930266737937927,
        "max": 0.5011559724807739,
        "n": 3
      },
      "pearson_p": {
        "mean": 0.0,
        "std": 0.0,
        "min": 0.0,
        "max": 0.0,
        "n": 3
      },
      "spearman": {
        "mean": 0.48846146956450176,
        "std": 0.0026998719286198116,
        "min": 0.48531185919004033,
        "max": 0.491905480067699,
        "n": 3
      },
      "spearman_p": {
        "mean": 0.0,
        "std": 0.0,
        "min": 0.0,
        "max": 0.0,
        "n": 3
      },
      "n_samples": {
        "mean": 15021.0,
        "std": 0.0,
        "min": 15021.0,
        "max": 15021.0,
        "n": 3
      }
    }
  },
  "drugs_chi": {
    "mean_ensemble": {
      "rmse": {
        "mean": 0.4372261758671682,
        "std": 0.0016316287390683044,
        "min": 0.4350320484698536,
        "max": 0.43894184463895014,
        "n": 3
      },
      "mae": {
        "mean": 0.3411761124928792,
        "std": 0.0015085145679595373,
        "min": 0.33905190229415894,
        "max": 0.3424091637134552,
        "n": 3
      },
      "r2": {
        "mean": 0.45956406990687054,
        "std": 0.004030386092556342,
        "min": 0.4553220272064209,
        "max": 0.4649820327758789,
        "n": 3
      },
      "pearson": {
        "mean": 0.6803792119026184,
        "std": 0.003054958801123828,
        "min": 0.676200270652771,
        "max": 0.6834181547164917,
        "n": 3
      },
      "pearson_p": {
        "mean": 0.0,
        "std": 0.0,
        "min": 0.0,
        "max": 0.0,
        "n": 3
      },
      "spearman": {
        "mean": 0.6782124183606286,
        "std": 0.002962182774463932,
        "min": 0.6746644449825022,
        "max": 0.6819153176617808,
        "n": 3
      },
      "spearman_p": {
        "mean": 0.0,
        "std": 0.0,
        "min": 0.0,
        "max": 0.0,
        "n": 3
      },
      "n_samples": {
        "mean": 15021.0,
        "std": 0.0,
        "min": 15021.0,
        "max": 15021.0,
        "n": 3
      }
    }
  }
}