{
  "esol": {
    "attention": {
      "rmse": {
        "mean": 1.8809810933517745,
        "std": 0.027144621537815924,
        "min": 1.8471951383104608,
        "max": 1.9250723441265394,
        "n": 10
      },
      "mae": {
        "mean": 1.4574820160865785,
        "std": 0.03900099143212431,
        "min": 1.3914457559585571,
        "max": 1.5105953216552734,
        "n": 10
      },
      "r2": {
        "mean": 0.13314159512519835,
        "std": 0.025031499204199014,
        "min": 0.09221506118774414,
        "max": 0.16417676210403442,
        "n": 10
      },
      "pearson": {
        "mean": 0.39735981822013855,
        "std": 0.029124415415061188,
        "min": 0.3577287197113037,
        "max": 0.44585204124450684,
        "n": 10
      },
      "pearson_p": {
        "mean": 2.9464794512991823e-05,
        "std": 3.255851628539521e-05,
        "min": 6.65181896560262e-07,
        "max": 9.324545915152848e-05,
        "n": 10
      },
      "spearman": {
        "mean": 0.4056516121848901,
        "std": 0.03171161103626483,
        "min": 0.3593354475357154,
        "max": 0.470217048815968,
        "n": 10
      },
      "spearman_p": {
        "mean": 2.0791156295960767e-05,
        "std": 2.535875367854826e-05,
        "min": 1.301314876070713e-07,
        "max": 8.624581163076864e-05,
        "n": 10
      },
      "n_samples": {
        "mean": 114.0,
        "std": 0.0,
        "min": 114.0,
        "max": 114.0,
        "n": 10
      }
    }
  },
  "lipophilicity": {
    "attention": {
      "rmse": {
        "mean": 1.1403504814968994,
        "std": 0.005532836986861854,
        "min": 1.1286629807396458,
        "max": 1.148564286272485,
        "n": 10
      },
      "mae": {
        "mean": 0.9183374285697937,
        "std": 0.008105793418510409,
        "min": 0.9073814749717712,
        "max": 0.9320241808891296,
        "n": 10
      },
      "r2": {
        "mean": 0.04129248857498169,
        "std": 0.009292103519931424,
        "min": 0.027454733848571777,
        "max": 0.060865581035614014,
        "n": 10
      },
      "pearson": {
        "mean": 0.22097912430763245,
        "std": 0.014907355432516487,
        "min": 0.20163469016551971,
        "max": 0.24894042313098907,
        "n": 10
      },
      "pearson_p": {
        "mean": 1.1170888623348155e-05,
        "std": 1.209474716742043e-05,
        "min": 2.3643579315526064e-07,
        "max": 3.143715132013899e-05,
        "n": 10
      },
      "spearman": {
        "mean": 0.16821928161935087,
        "std": 0.024124102500049868,
        "min": 0.12374699743934198,
        "max": 0.20621046793693928,
        "n": 10
      },
      "spearman_p": {
        "mean": 0.0018590763720613118,
        "std": 0.003210275317782475,
        "min": 2.0504455680299198e-05,
        "max": 0.011140402408557492,
        "n": 10
      },
      "n_samples": {
        "mean": 420.0,
        "std": 0.0,
        "min": 420.0,
        "max": 420.0,
        "n": 10
      }
    }
  }
}