{
  "esol": {
    "dko": {
      "rmse": {
        "mean": 2.056257494844736,
        "std": 0.03037020649888328,
        "min": 2.0133095386606388,
        "max": 2.0780905813937802,
        "n": 3
      },
      "mae": {
        "mean": 1.6068440278371174,
        "std": 0.008521587319864505,
        "min": 1.5951951742172241,
        "max": 1.6153432130813599,
        "n": 3
      },
      "r2": {
        "mean": -0.035949528217315674,
        "std": 0.030434859978194496,
        "min": -0.057834744453430176,
        "max": 0.007089793682098389,
        "n": 3
      },
      "pearson": {
        "mean": 0.47807512680689496,
        "std": 0.012168281199461495,
        "min": 0.4652571380138397,
        "max": 0.49442771077156067,
        "n": 3
      },
      "pearson_p": {
        "mean": 1.0065750437184078e-07,
        "std": 6.568507391923509e-08,
        "min": 2.2575601898318488e-08,
        "max": 1.8327833380083167e-07,
        "n": 3
      },
      "spearman": {
        "mean": 0.1494581542868144,
        "std": 0.008534633706942569,
        "min": 0.13990919511360053,
        "max": 0.160625832822206,
        "n": 3
      },
      "spearman_p": {
        "mean": 0.11396299462159117,
        "std": 0.02042839327259338,
        "min": 0.08778153384902021,
        "max": 0.1376309274456838,
        "n": 3
      },
      "n_samples": {
        "mean": 114.0,
        "std": 0.0,
        "min": 114.0,
        "max": 114.0,
        "n": 3
      }
    },
    "dko_first_order": {
      "rmse": {
        "mean": 1.6458377840508458,
        "std": 0.0359501506847251,
        "min": 1.6157275995551834,
        "max": 1.696370370483153,
        "n": 3
      },
      "mae": {
        "mean": 1.2914087772369385,
        "std": 0.021707291625189112,
        "min": 1.2624733448028564,
        "max": 1.3147571086883545,
        "n": 3
      },
      "r2": {
        "mean": 0.33614979187647503,
        "std": 0.02919905612250518,
        "min": 0.2950955629348755,
        "max": 0.36052268743515015,
        "n": 3
      },
      "pearson": {
        "mean": 0.5923004150390625,
        "std": 0.025196550138252352,
        "min": 0.5577133297920227,
        "max": 0.6170168519020081,
        "n": 3
      },
      "pearson_p": {
        "mean": 3.8870547784304516e-11,
        "std": 5.381542008539189e-11,
        "min": 2.6677766600506214e-13,
        "max": 1.1497437698219758e-10,
        "n": 3
      },
      "spearman": {
        "mean": 0.5081797637212512,
        "std": 0.02118168559236597,
        "min": 0.480059458192752,
        "max": 0.5311803873645239,
        "n": 3
      },
      "spearman_p": {
        "mean": 2.377393638385445e-08,
        "std": 2.9121240131763135e-08,
        "min": 1.2014540401177436e-09,
        "max": 6.489190933329462e-08,
        "n": 3
      },
      "n_samples": {
        "mean": 114.0,
        "std": 0.0,
        "min": 114.0,
        "max": 114.0,
        "n": 3
      }
    },
    "dko_diagonal": {
      "rmse": {
        "mean": 2.040433195420746,
        "std": 0.03268999670013124,
        "min": 1.994937270571743,
        "max": 2.070290619356662,
        "n": 3
      },
      "mae": {
        "mean": 1.6143115758895874,
        "std": 0.00822177844525207,
        "min": 1.6035151481628418,
        "max": 1.6234480142593384,
        "n": 3
      },
      "r2": {
        "mean": -0.020105501015981037,
        "std": 0.032519013154886194,
        "min": -0.04990863800048828,
        "max": 0.025128543376922607,
        "n": 3
      },
      "pearson": {
        "mean": 0.479364812374115,
        "std": 0.01328753712064044,
        "min": 0.46294519305229187,
        "max": 0.49548885226249695,
        "n": 3
      },
      "pearson_p": {
        "mean": 1.0074112477998541e-07,
        "std": 8.266880861443904e-08,
        "min": 2.0841492691520635e-08,
        "max": 2.146046369210313e-07,
        "n": 3
      },
      "spearman": {
        "mean": 0.14976575885145982,
        "std": 0.024764426880057602,
        "min": 0.11659781288066473,
        "max": 0.17608784141240605,
        "n": 3
      },
      "spearman_p": {
        "mean": 0.12456872366153582,
        "std": 0.06669313180138241,
        "min": 0.06092280590241506,
        "max": 0.2166731772858707,
        "n": 3
      },
      "n_samples": {
        "mean": 114.0,
        "std": 0.0,
        "min": 114.0,
        "max": 114.0,
        "n": 3
      }
    },
    "dko_separate_nets": {
      "rmse": {
        "mean": 2.249466903727805,
        "std": 0.03145025267932446,
        "min": 2.2157005523153432,
        "max": 2.2914210332373446,
        "n": 3
      },
      "mae": {
        "mean": 1.7073504130045574,
        "std": 0.01033690374287493,
        "min": 1.6942116022109985,
        "max": 1.7194701433181763,
        "n": 3
      },
      "r2": {
        "mean": -0.2397467295328776,
        "std": 0.03475017316871919,
        "min": -0.2861708402633667,
        "max": -0.20257174968719482,
        "n": 3
      },
      "pearson": {
        "mean": 0.32063692808151245,
        "std": 0.048194412303532184,
        "min": 0.26748597621917725,
        "max": 0.38416215777397156,
        "n": 3
      },
      "pearson_p": {
        "mean": 0.0016062096048387834,
        "std": 0.001729860404116019,
        "min": 2.4471580715028653e-05,
        "max": 0.004013310080482986,
        "n": 3
      },
      "spearman": {
        "mean": 0.1529966559117251,
        "std": 0.031895833100878235,
        "min": 0.11907915254559313,
        "max": 0.19570843611290792,
        "n": 3
      },
      "spearman_p": {
        "mean": 0.12324468613909396,
        "std": 0.0694580909113832,
        "min": 0.03690708514196362,
        "max": 0.20698445630965737,
        "n": 3
      },
      "n_samples": {
        "mean": 114.0,
        "std": 0.0,
        "min": 114.0,
        "max": 114.0,
        "n": 3
      }
    },
    "attention": {
      "rmse": {
        "mean": 1.888123304070299,
        "std": 0.011394790170572522,
        "min": 1.8725589120558725,
        "max": 1.8995213181679322,
        "n": 3
      },
      "mae": {
        "mean": 1.4714409510294597,
        "std": 0.0379773498931967,
        "min": 1.4335474967956543,
        "max": 1.5233495235443115,
        "n": 3
      },
      "r2": {
        "mean": 0.12669610977172852,
        "std": 0.010524500558240429,
        "min": 0.11615270376205444,
        "max": 0.14106589555740356,
        "n": 3
      },
      "pearson": {
        "mean": 0.40186770757039386,
        "std": 0.009967714616509351,
        "min": 0.39276498556137085,
        "max": 0.4157404601573944,
        "n": 3
      },
      "pearson_p": {
        "mean": 1.0612952280323979e-05,
        "std": 4.7081642570293034e-06,
        "min": 4.225673252797059e-06,
        "max": 1.5435154342821293e-05,
        "n": 3
      },
      "spearman": {
        "mean": 0.4055411774527582,
        "std": 0.01494986022260326,
        "min": 0.38590458602417127,
        "max": 0.4221455389501931,
        "n": 3
      },
      "spearman_p": {
        "mean": 1.0534513737138763e-05,
        "std": 8.451016226265048e-06,
        "min": 2.8940554071983858e-06,
        "max": 2.2313829549848516e-05,
        "n": 3
      },
      "n_samples": {
        "mean": 114.0,
        "std": 0.0,
        "min": 114.0,
        "max": 114.0,
        "n": 3
      }
    },
    "deepsets": {
      "rmse": {
        "mean": 2.463164486898737,
        "std": 0.6371891904479814,
        "min": 1.94194677185279,
        "max": 3.360376962678269,
        "n": 3
      },
      "mae": {
        "mean": 1.9247406323750813,
        "std": 0.6488896261669055,
        "min": 1.4104572534561157,
        "max": 2.8400776386260986,
        "n": 3
      },
      "r2": {
        "mean": -0.5856494704882304,
        "std": 0.8367395016887482,
        "min": -1.7660808563232422,
        "max": 0.07623070478439331,
        "n": 3
      },