{
  "qm9_homo": {
    "dko": {
      "rmse": {
        "mean": 0.020298817516566297,
        "std": 2.7651671525227352e-05,
        "min": 0.020276096711432916,
        "max": 0.020337741412521468,
        "n": 3
      },
      "mae": {
        "mean": 0.015112546893457571,
        "std": 4.8478489323473565e-05,
        "min": 0.015074310824275017,
        "max": 0.015180947259068489,
        "n": 3
      },
      "r2": {
        "mean": 0.016000946362813313,
        "std": 0.0026820901183573294,
        "min": 0.012225449085235596,
        "max": 0.018204331398010254,
        "n": 3
      },
      "pearson": {
        "mean": 0.22097346186637878,
        "std": 0.013623038417789998,
        "min": 0.2018762230873108,
        "max": 0.2327248901128769,
        "n": 3
      },
      "pearson_p": {
        "mean": 1.0265425693447083e-10,
        "std": 1.442890175270484e-10,
        "min": 3.2715868162383024e-13,
        "max": 3.0670944936014555e-10,
        "n": 3
      },
      "spearman": {
        "mean": 0.20281642618018755,
        "std": 0.012051455727581251,
        "min": 0.18646671335936543,
        "max": 0.21515920122443252,
        "n": 3
      },
      "spearman_p": {
        "mean": 2.1774351172961323e-09,
        "std": 2.9891341470612883e-09,
        "min": 1.826995085210046e-11,
        "max": 6.404379891576362e-09,
        "n": 3
      },
      "n_samples": {
        "mean": 955.0,
        "std": 0.0,
        "min": 955.0,
        "max": 955.0,
        "n": 3
      }
    },
    "dko_first_order": {
      "rmse": {
        "mean": 0.019127977411199853,
        "std": 0.0001919585562009954,
        "min": 0.018863750878049507,
        "max": 0.019314038665065265,
        "n": 3
      },
      "mae": {
        "mean": 0.014295477420091629,
        "std": 0.0001230039402653703,
        "min": 0.014165922068059444,
        "max": 0.014460786245763302,
        "n": 3
      },
      "r2": {
        "mean": 0.12615535656611124,
        "std": 0.017489378658774972,
        "min": 0.1091623306274414,
        "max": 0.15021610260009766,
        "n": 3
      },
      "pearson": {
        "mean": 0.4048349857330322,
        "std": 0.013871821630369685,
        "min": 0.39257895946502686,
        "max": 0.42422887682914734,
        "n": 3
      },
      "pearson_p": {
        "mean": 5.5392186942979995e-37,
        "std": 6.7880786167438075e-37,
        "min": 5.277901423098472e-43,
        "max": 1.509888085192753e-36,
        "n": 3
      },
      "spearman": {
        "mean": 0.3156399181016279,
        "std": 0.008830672429240983,
        "min": 0.30904234820841453,
        "max": 0.3281215793382081,
        "n": 3
      },
      "spearman_p": {
        "mean": 8.343546065542996e-23,
        "std": 6.004871569876939e-23,
        "min": 2.0863954943076235e-25,
        "max": 1.3966887709248976e-22,
        "n": 3
      },
      "n_samples": {
        "mean": 955.0,
        "std": 0.0,
        "min": 955.0,
        "max": 955.0,
        "n": 3
      }
    },
    "dko_diagonal": {
      "rmse": {
        "mean": 0.020216139983256203,
        "std": 0.00021953278335395498,
        "min": 0.02003484524024163,
        "max": 0.020525055828362317,
        "n": 3
      },
      "mae": {
        "mean": 0.015048723357419172,
        "std": 0.00017318374417673956,
        "min": 0.014922665432095528,
        "max": 0.015293606556952,
        "n": 3
      },
      "r2": {
        "mean": 0.023886998494466145,
        "std": 0.021275032605400798,
        "min": -0.006053566932678223,
        "max": 0.04142874479293823,
        "n": 3
      },
      "pearson": {
        "mean": 0.2222937891880671,
        "std": 0.025549219729165327,
        "min": 0.18816353380680084,
        "max": 0.2496296614408493,
        "n": 3
      },
      "pearson_p": {
        "mean": 1.5465731693440495e-09,
        "std": 2.186634307168293e-09,
        "min": 4.937968507175079e-15,
        "max": 4.638941030652704e-09,
        "n": 3
      },
      "spearman": {
        "mean": 0.20959739581486572,
        "std": 0.0249706502101474,
        "min": 0.18110659944033433,
        "max": 0.24191226962637252,
        "n": 3
      },
      "spearman_p": {
        "mean": 5.844056162589369e-09,
        "std": 8.168244270801324e-09,
        "min": 3.4852904111902197e-14,
        "max": 1.7395428491401657e-08,
        "n": 3
      },
      "n_samples": {
        "mean": 955.0,
        "std": 0.0,
        "min": 955.0,
        "max": 955.0,
        "n": 3
      }
    },
    "dko_separate_nets": {
      "rmse": {
        "mean": 0.020025259521418606,
        "std": 6.189720742253666e-05,
        "min": 0.019974060872227962,
        "max": 0.020112348033444343,
        "n": 3
      },
      "mae": {
        "mean": 0.014978369697928429,
        "std": 3.518250342445545e-05,
        "min": 0.0149286650121212,
        "max": 0.015005170367658138,
        "n": 3
      },
      "r2": {
        "mean": 0.04233666261037191,
        "std": 0.005926323994409562,
        "min": 0.03399813175201416,
        "max": 0.04723644256591797,
        "n": 3
      },
      "pearson": {
        "mean": 0.25720367829004925,
        "std": 0.004308602814306129,
        "min": 0.2511185109615326,
        "max": 0.26051855087280273,
        "n": 3
      },
      "pearson_p": {
        "mean": 1.3211353149842562e-15,
        "std": 1.4423391943450189e-15,
        "min": 2.792345599797206e-16,
        "max": 3.3607514357811078e-15,
        "n": 3
      },
      "spearman": {
        "mean": 0.24038660627592176,
        "std": 0.006209271086910406,
        "min": 0.23451415871047074,
        "max": 0.24897688531477835,
        "n": 3
      },
      "spearman_p": {
        "mean": 1.0604230780017953e-13,
        "std": 8.474627754490342e-14,
        "min": 5.840681140722895e-15,
        "max": 2.1308715372047747e-13,
        "n": 3
      },
      "n_samples": {
        "mean": 955.0,
        "std": 0.0,
        "min": 955.0,
        "max": 955.0,
        "n": 3
      }
    },
    "attention": {
      "rmse": {
        "mean": 0.018779784924475313,
        "std": 0.00023618789321768862,
        "min": 0.018445939340214164,
        "max": 0.018956057890717394,
        "n": 3
      },
      "mae": {
        "mean": 0.013820656264821688,
        "std": 0.00016172504971414005,
        "min": 0.013608545064926147,
        "max": 0.01400080043822527,
        "n": 3
      },
      "r2": {
        "mean": 0.15763109922409058,
        "std": 0.02109135885791825,
        "min": 0.141879141330719,
        "max": 0.18744277954101562,
        "n": 3
      },
      "pearson": {
        "mean": 0.4336916208267212,
        "std": 0.005587892286822738,
        "min": 0.42583081126213074,
        "max": 0.43832385540008545,
        "n": 3
      },
      "pearson_p": {
        "mean": 7.981830822308109e-44,
        "std": 1.1198096814682764e-43,
        "min": 4.143540840307212e-46,
        "max": 2.381831054637278e-43,
        "n": 3
      },
      "spearman": {
        "mean": 0.35898163760986196,
        "std": 0.014745813065188481,
        "min": 0.3414625285024923,
        "max": 0.37753757499055407,
        "n": 3
      },
      "spearman_p": {
        "mean": 5.546382478649044e-28,
        "std": 7.822319907359576e-28,
        "min": 1.0240769847561181e-33,
        "max": 1.6608799523843084e-27,
        "n": 3
      },
      "n_samples": {
        "mean": 955.0,
        "std": 0.0,
        "min": 955.0,
        "max": 955.0,
        "n": 3
      }
    },
    "deepsets": {
      "rmse": {
        "mean": 0.019121317945548725,
        "std": 0.00023826026328102557,
        "min": 0.018931272185532387,
        "max": 0.01945730531757382,
        "n": 3
      },
      "mae": {
        "mean": 0.014029091534515222,
        "std": 0.00016269337752335646,
        "min": 0.013813083991408348,
        "max": 0.014205719344317913,
        "n": 3
      },
      "r2": {
        "mean": 0.12671607732772827,