{
  "esol": {
    "dko_gated": {
      "rmse": {
        "mean": 1.6541392527242529,
        "std": 0.032380297386870795,
        "min": 1.6034742157174156,
        "max": 1.7055062961333542,
        "n": 10
      },
      "mae": {
        "mean": 1.2836795091629027,
        "std": 0.02545288454634819,
        "min": 1.2444716691970825,
        "max": 1.3359346389770508,
        "n": 10
      },
      "r2": {
        "mean": 0.3294990658760071,
        "std": 0.02624509953912079,
        "min": 0.2874825596809387,
        "max": 0.3701852560043335,
        "n": 10
      },
      "pearson": {
        "mean": 0.5873694002628327,
        "std": 0.01990852549424301,
        "min": 0.5604275465011597,
        "max": 0.6122731566429138,
        "n": 10
      },
      "pearson_p": {
        "mean": 2.773081274303875e-11,
        "std": 3.5486473465737773e-11,
        "min": 4.542402469081063e-13,
        "max": 8.937773861574953e-11,
        "n": 10
      },
      "spearman": {
        "mean": 0.5089287615140928,
        "std": 0.029273889354905165,
        "min": 0.4562647706271595,
        "max": 0.5543425212089869,
        "n": 10
      },
      "spearman_p": {
        "mean": 4.815691104162798e-08,
        "std": 9.798089400012868e-08,
        "min": 1.566971048818907e-10,
        "max": 3.3638885052335134e-07,
        "n": 10
      },
      "n_samples": {
        "mean": 114.0,
        "std": 0.0,
        "min": 114.0,
        "max": 114.0,
        "n": 10
      }
    }
  },
  "lipophilicity": {
    "dko_gated": {
      "rmse": {
        "mean": 1.1638995299414752,
        "std": 0.021544875862254564,
        "min": 1.1389084532589901,
        "max": 1.21659763719529,
        "n": 10
      },
      "mae": {
        "mean": 0.942371255159378,
        "std": 0.019834762777671804,
        "min": 0.9171768426895142,
        "max": 0.9879313707351685,
        "n": 10
      },
      "r2": {
        "mean": 0.0009689927101135254,
        "std": 0.0373841779010459,
        "min": -0.09117186069488525,
        "max": 0.04373812675476074,
        "n": 10
      },
      "pearson": {
        "mean": 0.24223808199167252,
        "std": 0.03233771091163714,
        "min": 0.17023122310638428,
        "max": 0.27524104714393616,
        "n": 10
      },
      "pearson_p": {
        "mean": 5.07587766373279e-05,
        "std": 0.0001365953826431583,
        "min": 9.745755760371238e-09,
        "max": 0.00045847620726943174,
        "n": 10
      },
      "spearman": {
        "mean": 0.16057628384374883,
        "std": 0.028061004024081317,
        "min": 0.10699561992477913,
        "max": 0.19697958320638412,
        "n": 10
      },
      "spearman_p": {
        "mean": 0.00461397050598856,
        "std": 0.008338167896672318,
        "min": 4.8085661197473026e-05,
        "max": 0.028341977495497103,
        "n": 10
      },
      "n_samples": {
        "mean": 420.0,
        "std": 0.0,
        "min": 420.0,
        "max": 420.0,
        "n": 10
      }
    }
  }
}