{
  "freesolv": {
    "dko_eigenspectrum": {
      "rmse": {
        "mean": 4.730278082289014,
        "std": 0.20635642154355707,
        "min": 4.4639775327848605,
        "max": 4.966808587591872,
        "n": 3
      },
      "mae": {
        "mean": 3.6258561611175537,
        "std": 0.17620320616610285,
        "min": 3.4409265518188477,
        "max": 3.8629658222198486,
        "n": 3
      },
      "r2": {
        "mean": -0.6130212942759196,
        "std": 0.13982886966153493,
        "min": -0.7749898433685303,
        "max": -0.4337882995605469,
        "n": 3
      },
      "pearson": {
        "mean": 0.1310123304526011,
        "std": 0.03965227177696906,
        "min": 0.08342348039150238,
        "max": 0.18049585819244385,
        "n": 3
      },
      "pearson_p": {
        "mean": 0.3598541161918183,
        "std": 0.1462352749287942,
        "min": 0.18726677846646778,
        "max": 0.544825754191008,
        "n": 3
      },
      "spearman": {
        "mean": 0.1299493120217257,
        "std": 0.031239130662915417,
        "min": 0.091779858351824,
        "max": 0.16829915063335654,
        "n": 3
      },
      "spearman_p": {
        "mean": 0.3565028032224187,
        "std": 0.1169527101276089,
        "min": 0.21935119411712922,
        "max": 0.5051347237135798,
        "n": 3
      },
      "n_samples": {
        "mean": 55.0,
        "std": 0.0,
        "min": 55.0,
        "max": 55.0,
        "n": 3
      }
    }
  },
  "bbbp": {
    "dko_eigenspectrum": {
      "auc": {
        "mean": NaN,
        "std": NaN,
        "min": NaN,
        "max": NaN,
        "n": 3
      },
      "auc_pr": {
        "mean": NaN,
        "std": NaN,
        "min": NaN,
        "max": NaN,
        "n": 3
      },
      "accuracy": {
        "mean": 0.9836601307189543,
        "std": 0.006113819259434572,
        "min": 0.9754901960784313,
        "max": 0.9901960784313726,
        "n": 3
      },
      "precision": {
        "mean": 1.0,
        "std": 0.0,
        "min": 1.0,
        "max": 1.0,
        "n": 3
      },
      "recall": {
        "mean": 0.9836601307189543,
        "std": 0.006113819259434572,
        "min": 0.9754901960784313,
        "max": 0.9901960784313726,
        "n": 3
      },
      "f1": {
        "mean": 0.9917531787757965,
        "std": 0.0031111843012518155,
        "min": 0.9875930521091811,
        "max": 0.9950738916256158,
        "n": 3
      },
      "specificity": {
        "mean": 0.0,
        "std": 0.0,
        "min": 0.0,
        "max": 0.0,
        "n": 3
      },
      "n_samples": {
        "mean": 204.0,
        "std": 0.0,
        "min": 204.0,
        "max": 204.0,
        "n": 3
      }
    }
  },
  "qm9_homo": {
    "dko_eigenspectrum": {
      "rmse": {
        "mean": 0.02078791711127667,
        "std": 0.0002446746382212597,
        "min": 0.020460599525991455,
        "max": 0.021048766009667486,
        "n": 3
      },
      "mae": {
        "mean": 0.015508289138476053,
        "std": 0.00021318606811507874,
        "min": 0.015241136774420738,
        "max": 0.015762880444526672,
        "n": 3
      },
      "r2": {
        "mean": -0.03213024139404297,
        "std": 0.024237832155913998,
        "min": -0.05804872512817383,
        "max": 0.00025534629821777344,
        "n": 3
      },
      "pearson": {
        "mean": 0.3067185382048289,
        "std": 0.03015408827908034,
        "min": 0.2669008672237396,
        "max": 0.3398492634296417,
        "n": 3
      },
      "pearson_p": {
        "mean": 1.621659580346345e-17,
        "std": 2.2933706474056017e-17,
        "min": 3.0177397792351594e-27,
        "max": 4.8649754534551574e-17,
        "n": 3
      },
      "spearman": {
        "mean": 0.25772777362190274,
        "std": 0.028333958924407706,
        "min": 0.21958436779286125,
        "max": 0.2874310468021847,
        "n": 3
      },
      "spearman_p": {
        "mean": 2.2817691856979517e-12,
        "std": 3.226866691508053e-12,
        "min": 1.271529816145893e-19,
        "max": 6.8452478246694364e-12,
        "n": 3
      },
      "n_samples": {
        "mean": 955.0,
        "std": 0.0,
        "min": 955.0,
        "max": 955.0,
        "n": 3
      }
    }
  }
}