{
  "datasets": [
    "kraken_B5",
    "kraken_L",
    "kraken_burB5",
    "kraken_burL",
    "drugs_ip",
    "drugs_ea",
    "drugs_chi",
    "bde"
  ],
  "models": [
    "FP+XGBoost",
    "dko_gated",
    "dko_invariants",
    "dko_eigenspectrum",
    "dko_residual",
    "dko_first_order",
    "attention",
    "mean_ensemble"
  ],
  "results": {
    "kraken_B5_FP+XGBoost": {
      "mae": 0.37564436937052026,
      "mae_std": 0.002552960343160979,
      "rmse": 0.5189613997233739,
      "rmse_std": 0.005943668385366184,
      "r2": 0.8336922307988314
    },
    "kraken_L_FP+XGBoost": {
      "mae": 0.43095182352325784,
      "mae_std": 0.005267350766133245,
      "rmse": 0.6502683238037787,
      "rmse_std": 0.012685384127724703,
      "r2": 0.7752334649302283
    },
    "kraken_burB5_FP+XGBoost": {
      "mae": 0.2663469987309408,
      "mae_std": 0.0025104252492557893,
      "rmse": 0.3776264158468301,
      "rmse_std": 0.00423715026011988,
      "r2": 0.6977722133563197
    },
    "kraken_burL_FP+XGBoost": {
      "mae": 0.1600313952019336,
      "mae_std": 0.0037258720464671785,
      "rmse": 0.2590324628237595,
      "rmse_std": 0.006781126393854998,
      "r2": 0.5431544879686084
    },
    "drugs_ip_FP+XGBoost": {
      "mae": 0.508859891670061,
      "mae_std": 0.0006844979777159989,
      "rmse": 0.6561536701986144,
      "rmse_std": 0.0005454401696183043,
      "r2": 0.5139766660408878
    },
    "drugs_ea_FP+XGBoost": {
      "mae": 0.47064370663572835,
      "mae_std": 0.0008017216925064042,
      "rmse": 0.608671742434992,
      "rmse_std": 0.0007360612712388301,
      "r2": 0.534687332076949
    },
    "drugs_chi_FP+XGBoost": {
      "mae": 0.28027937660549335,
      "mae_std": 0.00042330777206519427,
      "rmse": 0.3597985505399906,
      "rmse_std": 0.0003113449353930816,
      "r2": 0.6340304005989832
    },
    "bde_FP+XGBoost": {
      "mae": 3.0250686023802693,
      "mae_std": 0.036736706853265126,
      "rmse": 4.8328542768819585,
      "rmse_std": 0.079142307663609,
      "r2": 0.9575493129436499
    },
    "kraken_B5_dko_eigenspectrum": {
      "mae": 0.9216898083686829,
      "mae_std": 0.03543697561878544,
      "rmse": 1.1953276750610555,
      "rmse_std": 0.057302542649358225,
      "r2": 0.11578810214996338
    },
    "kraken_L_dko_eigenspectrum": {
      "mae": 1.0047466158866882,
      "mae_std": 0.01999943637005601,
      "rmse": 1.3795474353558337,
      "rmse_std": 0.0358588797202862,
      "r2": -0.011923650900522867
    },
    "kraken_B5_dko_gated": {
      "mae": 0.9009505112965902,
      "mae_std": 0.012143084324508589,
      "rmse": 1.1763025040228199,
      "rmse_std": 0.03017869546508191,
      "r2": 0.14511187871297201
    },
    "kraken_L_dko_gated": {
      "mae": 0.9486968914667765,
      "mae_std": 0.009024447575142324,
      "rmse": 1.3223629949679598,
      "rmse_std": 0.011699429997707992,
      "r2": 0.07078440984090169
    },
    "kraken_burB5_dko_gated": {
      "mae": 0.5034825007120768,
      "mae_std": 0.00747983618658488,
      "rmse": 0.6525406300353455,
      "rmse_std": 0.005639091080475573,
      "r2": 0.09759287039438884
    },
    "kraken_burL_dko_gated": {
      "mae": 0.31214432915051776,
      "mae_std": 0.014606292267923458,
      "rmse": 0.40932014377764386,
      "rmse_std": 0.022986502427073008,
      "r2": -0.1435553034146627
    },
    "kraken_B5_dko_invariants": {
      "mae": 0.904950737953186,
      "mae_std": 0.010109628721417145,
      "rmse": 1.1611338295481184,
      "rmse_std": 0.007470761432568211,
      "r2": 0.16753109296162924
    },
    "kraken_L_dko_invariants": {
      "mae": 0.9417303403218588,
      "mae_std": 0.00813995141046472,
      "rmse": 1.330405146270857,
      "rmse_std": 0.019020901789699396,
      "r2": 0.05932907263437907
    },
    "kraken_burB5_dko_invariants": {
      "mae": 0.4939288596312205,
      "mae_std": 0.014644654352441996,
      "rmse": 0.6536032194353582,
      "rmse_std": 0.009594747955911654,
      "r2": 0.09452404578526814
    },
    "kraken_burL_dko_invariants": {
      "mae": 0.2929488619168599,
      "mae_std": 0.018388852105969314,
      "rmse": 0.3796023139223636,
      "rmse_std": 0.029276905408556063,
      "r2": 0.013727724552154541
    },
    "bde_attention": {
      "mae": 20.528902689615887,
      "mae_std": 0.028814285824123223,
      "rmse": 23.317003846988083,
      "rmse_std": 0.032676672225286994,
      "r2": 0.01211311419804891
    },
    "bde_dko_first_order": {
      "mae": 20.734773635864258,
      "mae_std": 0.1727092708406969,
      "rmse": 24.394209545992727,
      "rmse_std": 0.20028650026098546,
      "r2": -0.08134345213572185
    },
    "bde_dko_gated": {
      "mae": 20.898462931315105,
      "mae_std": 0.05412891615609338,
      "rmse": 25.065971290536975,
      "rmse_std": 0.06283058609553942,
      "r2": -0.14164920647939047
    },
    "bde_dko_invariants": {
      "mae": 20.631062189737957,
      "mae_std": 0.07683623447745593,
      "rmse": 24.618943284869705,
      "rmse_std": 0.026648633176338733,
      "r2": -0.10128617286682129
    },
    "bde_mean_ensemble": {
      "mae": 20.26677131652832,
      "mae_std": 0.10134393129215355,
      "rmse": 23.13361831176671,
      "rmse_std": 0.07832181556889829,
      "r2": 0.027581989765167236
    }
  }
}