{
  "kraken_B5": {
    "dko_eigenspectrum": {
      "rmse": {
        "mean": 1.1953276750610555,
        "std": 0.057302542649358225,
        "min": 1.145538095527623,
        "max": 1.2755950249865298,
        "n": 3
      },
      "mae": {
        "mean": 0.9216898083686829,
        "std": 0.03543697561878544,
        "min": 0.895879328250885,
        "max": 0.9717976450920105,
        "n": 3
      },
      "r2": {
        "mean": 0.11578810214996338,
        "std": 0.08589605538305409,
        "min": -0.004641532897949219,
        "max": 0.18977701663970947,
        "n": 3
      },
      "pearson": {
        "mean": 0.4923032025496165,
        "std": 0.03447762146430428,
        "min": 0.44362547993659973,
        "max": 0.5190749764442444,
        "n": 3
      },
      "pearson_p": {
        "mean": 2.2110155113109003e-09,
        "std": 3.119449285970248e-09,
        "min": 3.859712427501826e-12,
        "max": 6.6225827141213356e-09,
        "n": 3
      },
      "spearman": {
        "mean": 0.4978017797762198,
        "std": 0.018959354801184006,
        "min": 0.47111352050205196,
        "max": 0.5133793628831264,
        "n": 3
      },
      "spearman_p": {
        "mean": 1.8646866315068223e-10,
        "std": 2.503003812976119e-10,
        "min": 7.231451552249238e-12,
        "max": 5.404372978895771e-10,
        "n": 3
      },
      "n_samples": {
        "mean": 156.0,
        "std": 0.0,
        "min": 156.0,
        "max": 156.0,
        "n": 3
      }
    }
  },
  "kraken_L": {
    "dko_eigenspectrum": {
      "rmse": {
        "mean": 1.3795474353558337,
        "std": 0.0358588797202862,
        "min": 1.3431174985339756,
        "max": 1.428314550328952,
        "n": 3
      },
      "mae": {
        "mean": 1.0047466158866882,
        "std": 0.01999943637005601,
        "min": 0.9903544187545776,
        "max": 1.0330286026000977,
        "n": 3
      },
      "r2": {
        "mean": -0.011923650900522867,
        "std": 0.05289675102561585,
        "min": -0.0839989185333252,
        "max": 0.04146236181259155,
        "n": 3
      },
      "pearson": {
        "mean": 0.34604160984357196,
        "std": 0.029799953441507283,
        "min": 0.3043648898601532,
        "max": 0.3722969889640808,
        "n": 3
      },
      "pearson_p": {
        "mean": 3.908521584315817e-05,
        "std": 5.1565279271247124e-05,
        "min": 1.7033349083698413e-06,
        "max": 0.00011200173397290226,
        "n": 3
      },
      "spearman": {
        "mean": 0.3778626326622591,
        "std": 0.030484891000063616,
        "min": 0.335717785399314,
        "max": 0.40679964501889154,
        "n": 3
      },
      "spearman_p": {
        "mean": 6.302220692217534e-06,
        "std": 8.500825956803216e-06,
        "min": 1.3659059382883885e-07,
        "max": 1.832286640881499e-05,
        "n": 3
      },
      "n_samples": {
        "mean": 156.0,
        "std": 0.0,
        "min": 156.0,
        "max": 156.0,
        "n": 3
      }
    }
  },
  "kraken_burB5": {
    "dko_eigenspectrum": {
      "rmse": {
        "mean": 0.6742036364295515,
        "std": 0.00541080961960644,
        "min": 0.6666357559746937,
        "max": 0.6789677195930748,
        "n": 3
      },
      "mae": {
        "mean": 0.5058736999829611,
        "std": 0.00469019057396554,
        "min": 0.5011477470397949,
        "max": 0.5122672915458679,
        "n": 3
      },
      "r2": {
        "mean": 0.03669212261835734,
        "std": 0.015421459213538713,
        "min": 0.023092985153198242,
        "max": 0.05825752019882202,
        "n": 3
      },
      "pearson": {
        "mean": 0.5005565583705902,
        "std": 0.008969251204213803,
        "min": 0.49239712953567505,
        "max": 0.51304692029953,
        "n": 3
      },
      "pearson_p": {
        "mean": 3.949935431939504e-11,
        "std": 2.4276267939216507e-11,
        "min": 7.498638160146733e-12,
        "max": 6.626871428203347e-11,
        "n": 3
      },
      "spearman": {
        "mean": 0.47991956287484455,
        "std": 0.01630891123720182,
        "min": 0.45702648687919223,
        "max": 0.49379533577431284,
        "n": 3
      },
      "spearman_p": {
        "mean": 7.19461669024154e-10,
        "std": 9.104118883334573e-10,
        "min": 5.743925978542237e-11,
        "max": 2.006804122154017e-09,
        "n": 3
      },
      "n_samples": {
        "mean": 156.0,
        "std": 0.0,
        "min": 156.0,
        "max": 156.0,
        "n": 3
      }
    }
  },
  "kraken_burL": {
    "dko_eigenspectrum": {
      "rmse": {
        "mean": 0.4308354038626105,
        "std": 0.0015018164753057592,
        "min": 0.4288131835247064,
        "max": 0.43240878422192924,
        "n": 3
      },
      "mae": {
        "mean": 0.3325345814228058,
        "std": 0.008671096051130362,
        "min": 0.32027631998062134,
        "max": 0.33895203471183777,
        "n": 3
      },
      "r2": {
        "mean": -0.2629655599594116,
        "std": 0.008798423248019575,
        "min": -0.27219152450561523,
        "max": -0.2511221170425415,
        "n": 3
      },
      "pearson": {
        "mean": 0.3549460967381795,
        "std": 0.018280931275344026,
        "min": 0.3302192986011505,
        "max": 0.3738461434841156,
        "n": 3
      },
      "pearson_p": {
        "mean": 1.026227937595952e-05,
        "std": 1.0839384613399545e-05,
        "min": 1.5301518057207873e-06,
        "max": 2.5539385699196483e-05,
        "n": 3
      },
      "spearman": {
        "mean": 0.23785297719314843,
        "std": 0.031306834703536325,
        "min": 0.1947756269697483,
        "max": 0.26824790840038437,
        "n": 3
      },
      "spearman_p": {
        "mean": 0.005715071585342072,
        "std": 0.006453902046169442,
        "min": 0.0007098661201977889,
        "max": 0.01482753181419146,
        "n": 3
      },
      "n_samples": {
        "mean": 156.0,
        "std": 0.0,
        "min": 156.0,
        "max": 156.0,
        "n": 3
      }
    }
  }
}