{
  "esol": {
    "n_test": 114,
    "scc_stats": {
      "mean": 37.426635378568484,
      "std": 38.433340983613235,
      "min": 0.0,
      "max": 148.03745723768048,
      "quartiles": [
        0.0,
        0.0,
        27.881785897290573,
        67.32149592731525,
        148.03745723768048
      ]
    }
  },
  "freesolv": {
    "n_test": 55,
    "scc_stats": {
      "mean": 21.79345000277657,
      "std": 37.34191676834235,
      "min": 0.0,
      "max": 131.25491521847835,
      "quartiles": [
        0.0,
        0.0,
        0.006394782026593326,
        24.948020749215452,
        131.25491521847835
      ]
    }
  },
  "lipophilicity": {
    "n_test": 420,
    "scc_stats": {
      "mean": 67.6567473857202,
      "std": 40.21257841918887,
      "min": 0.0,
      "max": 155.52873948065832,
      "quartiles": [
        0.0,
        34.79508165697683,
        69.99372045297481,
        98.8299182674525,
        155.52873948065832
      ]
    }
  },
  "qm9_gap": {
    "n_test": 955,
    "scc_stats": {
      "mean": 31.707763881440872,
      "std": 26.316283606145802,
      "min": 0.0,
      "max": 113.75886425664845,
      "quartiles": [
        0.0,
        13.728375197241736,
        25.045422799022795,
        49.07969313899383,
        113.75886425664845
      ]
    }
  },
  "qm9_homo": {
    "n_test": 955,
    "scc_stats": {
      "mean": 31.707763881440872,
      "std": 26.316283606145802,
      "min": 0.0,
      "max": 113.75886425664845,
      "quartiles": [
        0.0,
        13.728375197241736,
        25.045422799022795,
        49.07969313899383,
        113.75886425664845
      ]
    }
  },
  "qm9_lumo": {
    "n_test": 955,
    "scc_stats": {
      "mean": 31.707763881440872,
      "std": 26.316283606145802,
      "min": 0.0,
      "max": 113.75886425664845,
      "quartiles": [
        0.0,
        13.728375197241736,
        25.045422799022795,
        49.07969313899383,
        113.75886425664845
      ]
    }
  }
}