{
  "alpha_0.0": {
    "dko": {
      "rmse_mean": 7.07902717590332,
      "rmse_std": 0.4488261640071869,
      "mae_mean": 5.717048168182373,
      "mae_std": 0.28016117215156555,
      "rmse_per_seed": [
        7.690598964691162,
        6.626093864440918,
        6.920388698577881
      ]
    },
    "dko_first_order": {
      "rmse_mean": 10.100284576416016,
      "rmse_std": 0.6976696848869324,
      "mae_mean": 7.988630294799805,
      "mae_std": 0.5678951144218445,
      "rmse_per_seed": [
        10.057583808898926,
        10.975301742553711,
        9.26796817779541
      ]
    },
    "dko_eigenspectrum": {
      "rmse_mean": 10.062285423278809,
      "rmse_std": 0.677374005317688,
      "mae_mean": 7.9805073738098145,
      "mae_std": 0.6021056175231934,
      "rmse_per_seed": [
        9.736576080322266,
        11.005325317382812,
        9.444955825805664
      ]
    },
    "dko_residual": {
      "rmse_mean": 9.996479988098145,
      "rmse_std": 0.688709557056427,
      "mae_mean": 7.878479480743408,
      "mae_std": 0.591073215007782,
      "rmse_per_seed": [
        9.568411827087402,
        10.96817398071289,
        9.452852249145508
      ]
    },
    "attention": {
      "rmse_mean": 9.497232437133789,
      "rmse_std": 0.4137560725212097,
      "mae_mean": 7.570340633392334,
      "mae_std": 0.3518436551094055,
      "rmse_per_seed": [
        9.327722549438477,
        10.067004203796387,
        9.09697151184082
      ]
    },
    "mean_ensemble": {
      "rmse_mean": 9.46947193145752,
      "rmse_std": 0.555997371673584,
      "mae_mean": 7.556385517120361,
      "mae_std": 0.47939255833625793,
      "rmse_per_seed": [
        9.14555835723877,
        10.251919746398926,
        9.010936737060547
      ]
    }
  },
  "alpha_0.1": {
    "dko": {
      "rmse_mean": 7.075721263885498,
      "rmse_std": 0.4614177942276001,
      "mae_mean": 5.709653854370117,
      "mae_std": 0.2859160006046295,
      "rmse_per_seed": [
        7.700172424316406,
        6.599468231201172,
        6.9275221824646
      ]
    },
    "dko_first_order": {
      "rmse_mean": 10.177886962890625,
      "rmse_std": 0.673547089099884,
      "mae_mean": 8.054596900939941,
      "mae_std": 0.5627000331878662,
      "rmse_per_seed": [
        10.061997413635254,
        11.054627418518066,
        9.417037010192871
      ]
    },
    "dko_eigenspectrum": {
      "rmse_mean": 10.262957572937012,
      "rmse_std": 0.7646981477737427,
      "mae_mean": 8.130500793457031,
      "mae_std": 0.6544898748397827,
      "rmse_per_seed": [
        9.869675636291504,
        11.332032203674316,
        9.587162971496582
      ]
    },
    "dko_residual": {
      "rmse_mean": 9.989748001098633,
      "rmse_std": 0.698882520198822,
      "mae_mean": 7.8680267333984375,
      "mae_std": 0.6038917899131775,
      "rmse_per_seed": [
        9.5311918258667,
        10.977280616760254,
        9.460771560668945
      ]
    },
    "attention": {
      "rmse_mean": 9.68131160736084,
      "rmse_std": 0.5152671337127686,
      "mae_mean": 7.669990539550781,
      "mae_std": 0.38811758160591125,
      "rmse_per_seed": [
        9.734786033630371,
        10.283943176269531,
        9.0252046585083
      ]
    },
    "mean_ensemble": {
      "rmse_mean": 9.519425392150879,
      "rmse_std": 0.5591465830802917,
      "mae_mean": 7.596114635467529,
      "mae_std": 0.5204406380653381,
      "rmse_per_seed": [
        9.198769569396973,
        10.305734634399414,
        9.053772926330566
      ]
    }
  },
  "alpha_0.5": {
    "dko": {
      "rmse_mean": 7.110540390014648,
      "rmse_std": 0.45749613642692566,
      "mae_mean": 5.720526218414307,
      "mae_std": 0.28948867321014404,
      "rmse_per_seed": [
        7.730624675750732,
        6.640573978424072,
        6.960422992706299
      ]
    },
    "dko_first_order": {
      "rmse_mean": 9.842331886291504,
      "rmse_std": 0.81926029920578,
      "mae_mean": 7.80150032043457,
      "mae_std": 0.7095013856887817,
      "rmse_per_seed": [
        9.488386154174805,
        10.974722862243652,
        9.063887596130371
      ]
    },
    "dko_eigenspectrum": {
      "rmse_mean": 9.884349822998047,
      "rmse_std": 0.7768929600715637,
      "mae_mean": 7.787722110748291,
      "mae_std": 0.6214869022369385,
      "rmse_per_seed": [
        9.880691528320312,
        10.83767032623291,
        8.93468952178955
      ]
    },
    "dko_residual": {
      "rmse_mean": 9.99170970916748,
      "rmse_std": 0.6955618262290955,
      "mae_mean": 7.869595050811768,
      "mae_std": 0.6153947114944458,
      "rmse_per_seed": [
        9.472573280334473,
        10.974867820739746,
        9.527688026428223
      ]
    },
    "attention": {
      "rmse_mean": 9.731305122375488,
      "rmse_std": 0.6848639845848083,
      "mae_mean": 7.7193756103515625,
      "mae_std": 0.5991421341896057,
      "rmse_per_seed": [
        9.335001945495605,
        10.69481086730957,
        9.164104461669922
      ]
    },
    "mean_ensemble": {
      "rmse_mean": 9.442788124084473,
      "rmse_std": 0.482197642326355,
      "mae_mean": 7.495140075683594,
      "mae_std": 0.47417986392974854,
      "rmse_per_seed": [
        9.157657623291016,
        10.121820449829102,
        9.048885345458984
      ]
    }
  },
  "alpha_1.0": {
    "dko": {
      "rmse_mean": 7.246227741241455,
      "rmse_std": 0.4645383954048157,
      "mae_mean": 5.7967848777771,
      "mae_std": 0.31797105073928833,
      "rmse_per_seed": [
        7.863001823425293,
        6.741916656494141,
        7.13376522064209
      ]
    },
    "dko_first_order": {
      "rmse_mean": 9.898258209228516,
      "rmse_std": 0.5768643617630005,
      "mae_mean": 7.898622035980225,
      "mae_std": 0.5882276892662048,
      "rmse_per_seed": [
        9.4082612991333,
        10.708133697509766,
        9.57837963104248
      ]
    },
    "dko_eigenspectrum": {
      "rmse_mean": 9.550103187561035,
      "rmse_std": 0.49434635043144226,
      "mae_mean": 7.60557222366333,
      "mae_std": 0.47096341848373413,
      "rmse_per_seed": [
        9.488994598388672,
        10.183788299560547,
        8.977526664733887
      ]
    },
    "dko_residual": {
      "rmse_mean": 10.031161308288574,
      "rmse_std": 0.6703336238861084,
      "mae_mean": 7.928307056427002,
      "mae_std": 0.5745734572410583,
      "rmse_per_seed": [
        9.709649085998535,
        10.96424674987793,
        9.419587135314941
      ]
    },
    "attention": {
      "rmse_mean": 9.31778335571289,
      "rmse_std": 0.3626168668270111,
      "mae_mean": 7.370231628417969,
      "mae_std": 0.32924705743789673,
      "rmse_per_seed": [
        8.88372802734375,
        9.771313667297363,
        9.298309326171875
      ]
    },
    "mean_ensemble": {
      "rmse_mean": 9.623771667480469,
      "rmse_std": 0.7439085841178894,
      "mae_mean": 7.6341705322265625,
      "mae_std": 0.617603063583374,
      "rmse_per_seed": [
        9.326971054077148,
        10.646261215209961,
        8.898082733154297
      ]
    }
  }
}