{
  "esol": {
    "dko_eigenspectrum": {
      "rmse": {
        "mean": 1.6954484339501381,
        "std": 0.04246577113395431,
        "min": 1.64053155542107,
        "max": 1.743957168140629,
        "n": 3
      },
      "mae": {
        "mean": 1.3023426532745361,
        "std": 0.03972282253641585,
        "min": 1.250794768333435,
        "max": 1.3474547863006592,
        "n": 3
      },
      "r2": {
        "mean": 0.2954198122024536,
        "std": 0.03517576988768629,
        "min": 0.2549927234649658,
        "max": 0.3407379388809204,
        "n": 3
      },
      "pearson": {
        "mean": 0.5813312331835429,
        "std": 0.027802502824505356,
        "min": 0.5447440147399902,
        "max": 0.6120948195457458,
        "n": 3
      },
      "pearson_p": {
        "mean": 1.2615401283603161e-10,
        "std": 1.734337516749148e-10,
        "min": 4.633402954631943e-13,
        "max": 3.714008032049022e-10,
        "n": 3
      },
      "spearman": {
        "mean": 0.4994690645590742,
        "std": 0.017829063400425546,
        "min": 0.48681953589301796,
        "max": 0.5246831200646042,
        "n": 3
      },
      "spearman_p": {
        "mean": 2.7091476119081242e-08,
        "std": 1.7692816346734005e-08,
        "min": 2.0704618101815334e-09,
        "max": 3.972550507024785e-08,
        "n": 3
      },
      "n_samples": {
        "mean": 114.0,
        "std": 0.0,
        "min": 114.0,
        "max": 114.0,
        "n": 3
      }
    }
  },
  "qm9_gap": {
    "dko_eigenspectrum": {
      "rmse": {
        "mean": 0.040140716559549344,
        "std": 0.0006462547961171117,
        "min": 0.039442824562906764,
        "max": 0.04100071829164458,
        "n": 3
      },
      "mae": {
        "mean": 0.032459650188684464,
        "std": 0.0006473495122315223,
        "min": 0.031999535858631134,
        "max": 0.03337513655424118,
        "n": 3
      },
      "r2": {
        "mean": 0.3487054109573364,
        "std": 0.021027020096419536,
        "min": 0.32067495584487915,
        "max": 0.371318519115448,
        "n": 3
      },
      "pearson": {
        "mean": 0.6174277067184448,
        "std": 0.0028339175195658223,
        "min": 0.6136413812637329,
        "max": 0.6204586029052734,
        "n": 3
      },
      "pearson_p": {
        "mean": 2.3662187386310033e-100,
        "std": 3.27205044829523e-100,
        "min": 1.0673528646917078e-102,
        "max": 6.993342917045839e-100,
        "n": 3
      },
      "spearman": {
        "mean": 0.615877081229451,
        "std": 0.000935659475053843,
        "min": 0.6147576865110849,
        "max": 0.6170478469794526,
        "n": 3
      },
      "spearman_p": {
        "mean": 1.2049477289688527e-100,
        "std": 9.115154728070944e-101,
        "min": 2.7927610021470045e-101,
        "max": 2.4447260846833416e-100,
        "n": 3
      },
      "n_samples": {
        "mean": 955.0,
        "std": 0.0,
        "min": 955.0,
        "max": 955.0,
        "n": 3
      }
    }
  },
  "qm9_lumo": {
    "dko_eigenspectrum": {
      "rmse": {
        "mean": 0.03558264210295697,
        "std": 0.0002711149239379109,
        "min": 0.03534596633349389,
        "max": 0.035962214342405846,
        "n": 3
      },
      "mae": {
        "mean": 0.02871525598069032,
        "std": 0.0002707653255913525,
        "min": 0.02848803624510765,
        "max": 0.029095791280269623,
        "n": 3
      },
      "r2": {
        "mean": 0.47764768203099567,
        "std": 0.007978986804719727,
        "min": 0.4664750099182129,
        "max": 0.48460328578948975,
        "n": 3
      },
      "pearson": {
        "mean": 0.6925456126530966,
        "std": 0.005224092836554594,
        "min": 0.6853335499763489,
        "max": 0.6975395679473877,
        "n": 3
      },
      "pearson_p": {
        "mean": 6.923565912079021e-134,
        "std": 9.791293392676896e-134,
        "min": 4.13038223265924e-140,
        "max": 2.0770545820928374e-133,
        "n": 3
      },
      "spearman": {
        "mean": 0.6769804543035267,
        "std": 0.00531701620650843,
        "min": 0.6694820600089487,
        "max": 0.6812160198941696,
        "n": 3
      },
      "spearman_p": {
        "mean": 1.1628009080090075e-125,
        "std": 1.6444392288454322e-125,
        "min": 3.1926780698252645e-131,
        "max": 3.4883891679368864e-125,
        "n": 3
      },
      "n_samples": {
        "mean": 955.0,
        "std": 0.0,
        "min": 955.0,
        "max": 955.0,
        "n": 3
      }
    }
  },
  "lipophilicity": {
    "dko_eigenspectrum": {
      "rmse": {
        "mean": 1.1818475799220263,
        "std": 0.016661891646244122,
        "min": 1.164533430246134,
        "max": 1.2043463712574798,
        "n": 3
      },
      "mae": {
        "mean": 0.9342649380366007,
        "std": 0.00946569040404491,
        "min": 0.925356388092041,
        "max": 0.9473723769187927,
        "n": 3
      },
      "r2": {
        "mean": -0.02993178367614746,
        "std": 0.02912410845035132,
        "min": -0.06930601596832275,
        "max": 0.00022304058074951172,
        "n": 3
      },
      "pearson": {
        "mean": 0.11468508342901866,
        "std": 0.023598002866838046,
        "min": 0.0824568048119545,
        "max": 0.13830269873142242,
        "n": 3
      },
      "pearson_p": {
        "mean": 0.03580897616606636,
        "std": 0.03945870882471626,
        "min": 0.004517406485022842,
        "max": 0.09146866863059942,
        "n": 3
      },
      "spearman": {
        "mean": 0.12237491734237578,
        "std": 0.0182168882756658,
        "min": 0.09683315112282848,
        "max": 0.1380606180213344,
        "n": 3
      },
      "spearman_p": {
        "mean": 0.019527313629571563,
        "std": 0.019685208298626553,
        "min": 0.0045889692126613365,
        "max": 0.04734090861680806,
        "n": 3
      },
      "n_samples": {
        "mean": 420.0,
        "std": 0.0,
        "min": 420.0,
        "max": 420.0,
        "n": 3
      }
    }
  }
}