{
  "esol": {
    "dko_gated": {
      "rmse": {
        "mean": 1.6345362314924106,
        "std": 0.0233230136964773,
        "min": 1.6034742157174156,
        "max": 1.6596749359729825,
        "n": 3
      },
      "mae": {
        "mean": 1.2805300156275432,
        "std": 0.017735982703012392,
        "min": 1.259492039680481,
        "max": 1.3028769493103027,
        "n": 3
      },
      "r2": {
        "mean": 0.34541449944178265,
        "std": 0.01862820879621454,
        "min": 0.3252623677253723,
        "max": 0.3701852560043335,
        "n": 3
      },
      "pearson": {
        "mean": 0.5994147260983785,
        "std": 0.01602466991373958,
        "min": 0.576824426651001,
        "max": 0.6122731566429138,
        "n": 3
      },
      "pearson_p": {
        "mean": 6.558130366184586e-12,
        "std": 8.499783517988252e-12,
        "min": 4.542402469081063e-13,
        "max": 1.8578150684084564e-11,
        "n": 3
      },
      "spearman": {
        "mean": 0.5185563817313626,
        "std": 0.023842976232693158,
        "min": 0.49173047442289075,
        "max": 0.5496614041243615,
        "n": 3
      },
      "spearman_p": {
        "mean": 1.0900467080657392e-08,
        "std": 1.1975258821578139e-08,
        "min": 2.395087803090805e-10,
        "max": 2.762691972388397e-08,
        "n": 3
      },
      "n_samples": {
        "mean": 114.0,
        "std": 0.0,
        "min": 114.0,
        "max": 114.0,
        "n": 3
      }
    }
  },
  "qm9_gap": {
    "dko_gated": {
      "rmse": {
        "mean": 0.03890977776370917,
        "std": 0.0007593558146234094,
        "min": 0.03808786772458356,
        "max": 0.03991929756296752,
        "n": 3
      },
      "mae": {
        "mean": 0.03097240875164668,
        "std": 0.0005499900741496613,
        "min": 0.03033706359565258,
        "max": 0.03167865052819252,
        "n": 3
      },
      "r2": {
        "mean": 0.3879631757736206,
        "std": 0.023962964565650946,
        "min": 0.3560376763343811,
        "max": 0.41377007961273193,
        "n": 3
      },
      "pearson": {
        "mean": 0.634420653184255,
        "std": 0.012434791538845883,
        "min": 0.6183737516403198,
        "max": 0.6486737728118896,
        "n": 3
      },
      "pearson_p": {
        "mean": 2.6294016779963253e-102,
        "std": 3.7185353894410555e-102,
        "min": 3.9392684324042135e-115,
        "max": 7.888204857908184e-102,
        "n": 3
      },
      "spearman": {
        "mean": 0.6357060547896852,
        "std": 0.010274961834550045,
        "min": 0.6214207330330683,
        "max": 0.6451529395687108,
        "n": 3
      },
      "spearman_p": {
        "mean": 1.4063451432005585e-103,
        "std": 1.988872360278209e-103,
        "min": 1.655428092304471e-113,
        "max": 4.21903540893499e-103,
        "n": 3
      },
      "n_samples": {
        "mean": 955.0,
        "std": 0.0,
        "min": 955.0,
        "max": 955.0,
        "n": 3
      }
    }
  },
  "qm9_lumo": {
    "dko_gated": {
      "rmse": {
        "mean": 0.03677169811163317,
        "std": 0.0002466142692654443,
        "min": 0.036532386790038944,
        "max": 0.037111070556553875,
        "n": 3
      },
      "mae": {
        "mean": 0.029265098894635837,
        "std": 0.00018230183158565518,
        "min": 0.029010649770498276,
        "max": 0.029428277164697647,
        "n": 3
      },
      "r2": {
        "mean": 0.44216106335322064,
        "std": 0.007495703069671268,
        "min": 0.4318423271179199,
        "max": 0.44942307472229004,
        "n": 3
      },
      "pearson": {
        "mean": 0.6697822213172913,
        "std": 0.0037234335471508628,
        "min": 0.6645400524139404,
        "max": 0.6728342175483704,
        "n": 3
      },
      "pearson_p": {
        "mean": 3.362549836182039e-123,
        "std": 4.753506621027222e-123,
        "min": 7.015441765621994e-127,
        "max": 1.0085023331380851e-122,
        "n": 3
      },
      "spearman": {
        "mean": 0.6503641697762172,
        "std": 0.004552270018735005,
        "min": 0.6441057694272307,
        "max": 0.6548006810418686,
        "n": 3
      },
      "spearman_p": {
        "mean": 1.6618973607956164e-113,
        "std": 2.3496044839725934e-113,
        "min": 5.226491890710699e-118,
        "max": 4.984739852199064e-113,
        "n": 3
      },
      "n_samples": {
        "mean": 955.0,
        "std": 0.0,
        "min": 955.0,
        "max": 955.0,
        "n": 3
      }
    }
  },
  "lipophilicity": {
    "dko_gated": {
      "rmse": {
        "mean": 1.1657906171487828,
        "std": 0.012028101817948942,
        "min": 1.152555646649372,
        "max": 1.181662264539072,
        "n": 3
      },
      "mae": {
        "mean": 0.9474811752637228,
        "std": 0.012496988456375079,
        "min": 0.9366764426231384,
        "max": 0.9649957418441772,
        "n": 3
      },
      "r2": {
        "mean": -0.0020434061686197915,
        "std": 0.020709105597536703,
        "min": -0.029404163360595703,
        "max": 0.020683646202087402,
        "n": 3
      },
      "pearson": {
        "mean": 0.26159319281578064,
        "std": 0.010512284997589544,
        "min": 0.24966394901275635,
        "max": 0.27524104714393616,
        "n": 3
      },
      "pearson_p": {
        "mean": 9.761146689329228e-08,
        "std": 8.783327599057891e-08,
        "min": 9.745755760371238e-09,
        "max": 2.1758207073115658e-07,
        "n": 3
      },
      "spearman": {
        "mean": 0.1763533979428268,
        "std": 0.019003210544897706,
        "min": 0.15112040659739645,
        "max": 0.19697958320638412,
        "n": 3
      },
      "spearman_p": {
        "mean": 0.0007130991942564938,
        "std": 0.0008402664127386615,
        "min": 4.8085661197473026e-05,
        "max": 0.0018984771217483835,
        "n": 3
      },
      "n_samples": {
        "mean": 420.0,
        "std": 0.0,
        "min": 420.0,
        "max": 420.0,
        "n": 3
      }
    }
  }
}