{
  "lipophilicity": {
    "dko": {
      "rmse": {
        "mean": 1.1678015100023238,
        "std": 0.0013465685167231372,
        "min": 1.1658982516563494,
        "max": 1.1688086000327158,
        "n": 3
      },
      "mae": {
        "mean": 0.9334628780682882,
        "std": 0.006254461346660755,
        "min": 0.9269003868103027,
        "max": 0.9418800473213196,
        "n": 3
      },
      "r2": {
        "mean": -0.005397637685139974,
        "std": 0.0023176760337284604,
        "min": -0.007131099700927734,
        "max": -0.0021218061447143555,
        "n": 3
      },
      "pearson": {
        "mean": 0.05841723829507828,
        "std": 0.017974423830677645,
        "min": 0.04513896256685257,
        "max": 0.08382830768823624,
        "n": 3
      },
      "pearson_p": {
        "mean": 0.26211195704919904,
        "std": 0.124496471475838,
        "min": 0.08618569930171179,
        "max": 0.35611834589788444,
        "n": 3
      },
      "spearman": {
        "mean": 0.04246843329064176,
        "std": 0.015405505417756054,
        "min": 0.020956482878936547,
        "max": 0.05621127774003664,
        "n": 3
      },
      "spearman_p": {
        "mean": 0.4077295746662462,
        "std": 0.18568489993574475,
        "min": 0.2503646366452615,
        "max": 0.6684711832645661,
        "n": 3
      },
      "n_samples": {
        "mean": 420.0,
        "std": 0.0,
        "min": 420.0,
        "max": 420.0,
        "n": 3
      }
    },
    "dko_first_order": {
      "rmse": {
        "mean": 1.2132659174661455,
        "std": 0.006974214769280207,
        "min": 1.2054415607661884,
        "max": 1.2223784889883704,
        "n": 3
      },
      "mae": {
        "mean": 0.9556285341580709,
        "std": 0.015375037030638727,
        "min": 0.9345057606697083,
        "max": 0.970657467842102,
        "n": 3
      },
      "r2": {
        "mean": -0.08523941040039062,
        "std": 0.012485859458508058,
        "min": -0.10156619548797607,
        "max": -0.0712517499923706,
        "n": 3
      },
      "pearson": {
        "mean": 0.13685710231463113,
        "std": 0.0138049217730476,
        "min": 0.11957316100597382,
        "max": 0.15336118638515472,
        "n": 3
      },
      "pearson_p": {
        "mean": 0.0068474855075240015,
        "std": 0.005354418110156462,
        "min": 0.0016200638364677223,
        "max": 0.0142056917801124,
        "n": 3
      },
      "spearman": {
        "mean": 0.14040300113020038,
        "std": 0.041821516238302325,
        "min": 0.10571370174551967,
        "max": 0.19923316892049717,
        "n": 3
      },
      "spearman_p": {
        "mean": 0.015828119407427538,
        "std": 0.012390169711614779,
        "min": 3.9191592114670335e-05,
        "max": 0.030303371797937233,
        "n": 3
      },
      "n_samples": {
        "mean": 420.0,
        "std": 0.0,
        "min": 420.0,
        "max": 420.0,
        "n": 3
      }
    },
    "dko_diagonal": {
      "rmse": {
        "mean": 1.1680937398849103,
        "std": 0.0013950590843338053,
        "min": 1.1670030154440132,
        "max": 1.1700628383585656,
        "n": 3
      },
      "mae": {
        "mean": 0.940062423547109,
        "std": 0.004594105630526895,
        "min": 0.933568000793457,
        "max": 0.9434695243835449,
        "n": 3
      },
      "r2": {
        "mean": -0.005900939305623372,
        "std": 0.002403659537952612,
        "min": -0.009293675422668457,
        "max": -0.004021883010864258,
        "n": 3
      },
      "pearson": {
        "mean": 0.0803426665564378,
        "std": 0.030430103366037225,
        "min": 0.05728766694664955,
        "max": 0.12333978712558746,
        "n": 3
      },
      "pearson_p": {
        "mean": 0.15651017566711048,
        "std": 0.10309345158777097,
        "min": 0.011411250769963669,
        "max": 0.24139317514644815,
        "n": 3
      },
      "spearman": {
        "mean": 0.06226515054184778,
        "std": 0.017006908364881387,
        "min": 0.04567870958772909,
        "max": 0.08564213316745148,
        "n": 3
      },
      "spearman_p": {
        "mean": 0.22886869629913517,
        "std": 0.11228817158529902,
        "min": 0.07957921325140531,
        "max": 0.35039027544522583,
        "n": 3
      },
      "n_samples": {
        "mean": 420.0,
        "std": 0.0,
        "min": 420.0,
        "max": 420.0,
        "n": 3
      }
    },
    "dko_separate_nets": {
      "rmse": {
        "mean": 1.1651974538170577,
        "std": 0.0013748011516562723,
        "min": 1.1633539283445105,
        "max": 1.1666541723308916,
        "n": 3
      },
      "mae": {
        "mean": 0.9262607097625732,
        "std": 0.0059901890330541175,
        "min": 0.921823263168335,
        "max": 0.9347288608551025,
        "n": 3
      },
      "r2": {
        "mean": -0.0009188055992126465,
        "std": 0.0023613712710298493,
        "min": -0.0034216642379760742,
        "max": 0.0022472739219665527,
        "n": 3
      },
      "pearson": {
        "mean": 0.06570204595724742,
        "std": 0.018777316220354136,
        "min": 0.04158125817775726,
        "max": 0.0873812809586525,
        "n": 3
      },
      "pearson_p": {
        "mean": 0.21076261416816267,
        "std": 0.13554781271946328,
        "min": 0.07363597708113453,
        "max": 0.3953303651720267,
        "n": 3
      },
      "spearman": {
        "mean": 0.09869298256598445,
        "std": 0.020414057190844,
        "min": 0.07685442111540867,
        "max": 0.12596489371618086,
        "n": 3
      },
      "spearman_p": {
        "mean": 0.060574969996085214,
        "std": 0.04339861829873985,
        "min": 0.009762808420855527,
        "max": 0.11579301620698505,
        "n": 3
      },
      "n_samples": {
        "mean": 420.0,
        "std": 0.0,
        "min": 420.0,
        "max": 420.0,
        "n": 3
      }
    },
    "attention": {
      "rmse": {
        "mean": 1.1411303998067546,
        "std": 0.0015922701001005442,
        "min": 1.1389140007434615,
        "max": 1.1425830808352726,
        "n": 3
      },
      "mae": {
        "mean": 0.9168002605438232,
        "std": 0.0024241592668813785,
        "min": 0.9134829640388489,
        "max": 0.9192082285881042,
        "n": 3
      },
      "r2": {
        "mean": 0.04000139236450195,
        "std": 0.0026779205693977302,
        "min": 0.03755754232406616,
        "max": 0.04372882843017578,
        "n": 3
      },
      "pearson": {
        "mean": 0.20922333498795828,
        "std": 0.007563647038904132,
        "min": 0.19900351762771606,
        "max": 0.2170681357383728,
        "n": 3
      },
      "pearson_p": {
        "mean": 1.9808163027370833e-05,
        "std": 1.4443073995276942e-05,
        "min": 7.157481359790687e-06,
        "max": 4.002140397812356e-05,
        "n": 3
      },
      "spearman": {
        "mean": 0.16536414009202083,
        "std": 0.016571672960135075,
        "min": 0.14478738282214618,
        "max": 0.18536736881530247,
        "n": 3
      },
      "spearman_p": {
        "mean": 0.0012370168077579801,
        "std": 0.0012207533986379414,
        "min": 0.00013305091157868855,
        "max": 0.002938479101240103,
        "n": 3
      },
      "n_samples": {
        "mean": 420.0,
        "std": 0.0,
        "min": 420.0,
        "max": 420.0,
        "n": 3
      }
    },
    "deepsets": {
      "rmse": {
        "mean": 1.1672510500362228,
        "std": 0.010728488474615976,
        "min": 1.152173563141179,
        "max": 1.1762570150492517,
        "n": 3
      },
      "mae": {
        "mean": 0.9280642668406168,
        "std": 0.006500145005451352,
        "min": 0.9192721843719482,
        "max": 0.9347845911979675,
        "n": 3
      },
      "r2": {
        "mean": -0.00453348954518636,
        "std": 0.018407604567943315,
        "min": -0.020008087158203125,
        "max": 0.021332859992980957,
        "n": 3
      },