{
  "bde": {
    "attention": {
      "rmse": {
        "mean": 23.317003846988083,
        "std": 0.032676672225286994,
        "min": 23.270792533909326,
        "max": 23.340291902078235,
        "n": 3
      },
      "mae": {
        "mean": 20.528902689615887,
        "std": 0.028814285824123223,
        "min": 20.491554260253906,
        "max": 20.561691284179688,
        "n": 3
      },
      "r2": {
        "mean": 0.01211311419804891,
        "std": 0.0027675031694945366,
        "min": 0.010140776634216309,
        "max": 0.01602691411972046,
        "n": 3
      },
      "pearson": {
        "mean": 0.11921707292397817,
        "std": 0.012127689986458056,
        "min": 0.10209374129772186,
        "max": 0.12862427532672882,
        "n": 3
      },
      "pearson_p": {
        "mean": 0.00015163183309182163,
        "std": 0.00019971062210741815,
        "min": 9.01046939891811e-06,
        "max": 0.0004340606307824149,
        "n": 3
      },
      "spearman": {
        "mean": 0.11688669490049769,
        "std": 0.0075435332030269675,
        "min": 0.10649981412174551,
        "max": 0.12418770985409375,
        "n": 3
      },
      "spearman_p": {
        "mean": 9.820682817411089e-05,
        "std": 0.0001015189830768463,
        "min": 1.824948963867356e-05,
        "max": 0.00024145346875037522,
        "n": 3
      },
      "n_samples": {
        "mean": 1184.0,
        "std": 0.0,
        "min": 1184.0,
        "max": 1184.0,
        "n": 3
      }
    }
  }
}